time,open,high,low,close,volume
1425013200,47.43,47.43,0,0,2
1425272400,31.71,31.71,0,0,2
1425358800,30.47,30.47,0,0,2
1425445200,27.41,27.41,0,0,1
1425531600,31.29,31.29,0,0,2
1425618000,68.22,68.22,0,0,3
1425873600,45.35,45.35,0,0,2
1425960000,54.25,54.25,0,0,3
1426046400,53.66,53.66,0,0,3
1426132800,43.41,43.41,0,0,2
1426219200,34.78,34.78,0,0,2
1426478400,38.16,38.16,0,0,2
1426564800,8.24,8.24,0,0,1
1426651200,71.23,71.23,0,0,4
1426737600,53.14,53.14,0,0,3
1426824000,50.17,50.17,0,0,3
1427083200,44.99,44.99,0,0,2
1427169600,23.22,23.22,0,0,1
1427256000,37.65,37.65,0,0,2
1427342400,53.55,53.55,0,0,3
1427428800,43.82,43.82,0,0,2
1427688000,60.57,60.57,0,0,3
1427774400,11.79,11.79,0,0,1
1427860800,51.22,51.22,0,0,3
1427947200,26.42,26.42,0,0,1
1428292800,32.38,32.38,0,0,2
1428379200,54.62,54.62,0,0,3
1428465600,44.02,44.02,0,0,2
1428552000,52.29,52.29,0,0,3
1428638400,13.82,13.82,0,0,1
1428897600,26.61,26.61,0,0,1
1428984000,24.93,24.93,0,0,1
1429070400,17.89,17.89,0,0,1
1429156800,9.86,9.86,0,0,1
1429243200,68.99,68.99,0,0,3
1429502400,7.04,7.04,0,0,1
1429588800,35.76,35.76,0,0,2
1429675200,27.84,27.84,0,0,1
1429761600,11.53,11.53,0,0,1
1429848000,24.93,24.93,0,0,1
1430107200,28.02,28.02,0,0,1
1430193600,47.3,47.3,0,0,2
1430280000,62.97,62.97,0,0,3
1430366400,66.78,66.78,0,0,3
1430452800,19.69,19.69,0,0,1
1430712000,4.76,4.76,0,0,1
1430798400,22.24,22.24,0,0,1
1430884800,42.14,42.14,0,0,2
1430971200,34.67,34.67,0,0,2
1431057600,50.59,50.59,0,0,3
1431316800,33.31,33.31,0,0,2
1431403200,41.81,41.81,0,0,2
1431489600,43.6,43.6,0,0,2
1431576000,26.78,26.78,0,0,1
1431662400,22.9,22.9,0,0,1
1431921600,29.3,29.3,0,0,1
1432008000,31.4,31.4,0,0,2
1432094400,18.86,18.86,0,0,1
1432180800,51.46,51.46,0,0,3
1432267200,28.1,28.1,0,0,1
1432612800,54.58,54.58,0,0,3
1432699200,4.73,4.73,0,0,1
1432785600,31.8,31.8,0,0,2
1432872000,48.79,48.79,0,0,2
1433131200,57.15,57.15,0,0,3
1433217600,47.05,47.05,0,0,2
1433304000,54.1,54.1,0,0,3
1433390400,31.37,31.37,0,0,2
1433476800,48.61,48.61,0,0,2
1433736000,21.88,21.88,0,0,1
1433822400,25.09,25.09,0,0,1
1433908800,48.8,48.8,0,0,2
1433995200,31.87,31.87,0,0,2
1434081600,47.07,47.07,0,0,2
1434340800,43.76,43.76,0,0,2
1434427200,37.28,37.28,0,0,2
1434513600,45.53,45.53,0,0,2
1434600000,66.58,66.58,0,0,3
1434686400,56.93,56.93,0,0,3
1434945600,60.14,60.14,0,0,3
1435032000,48.11,48.11,0,0,2
1435118400,21.69,21.69,0,0,1
1435204800,44.77,44.77,0,0,2
1435291200,54.01,54.01,0,0,3
1435550400,81.11,81.11,0,0,4
1435636800,52.55,52.55,0,0,3
1435723200,40.01,40.01,0,0,2
1435809600,11.31,11.31,0,0,1
1436155200,68.5,68.5,0,0,3
1436241600,50.64,50.64,0,0,3
1436328000,71.56,71.56,0,0,4
1436414400,61.13,61.13,0,0,3
1436500800,53.54,53.54,0,0,3
1436760000,17.42,17.42,0,0,1
1436846400,29.32,29.32,0,0,1
1436932800,14.23,14.23,0,0,1
1437019200,1.54,1.54,0,0,1
1437105600,13.92,13.92,0,0,1
1437364800,53.71,53.71,0,0,3
1437451200,11.29,11.29,0,0,1
1437537600,34.98,34.98,0,0,2
1437624000,25.6,25.6,0,0,1
1437710400,54.98,54.98,0,0,3
1437969600,52.97,52.97,0,0,3
1438056000,19.73,19.73,0,0,1
1438142400,23.26,23.26,0,0,1
1438228800,19.05,19.05,0,0,1
1438315200,42.18,42.18,0,0,2
1438574400,33.75,33.75,0,0,2
1438660800,24.6,24.6,0,0,1
1438747200,39.82,39.82,0,0,2
1438833600,35.23,35.23,0,0,2
1438920000,40.31,40.31,0,0,2
1439179200,50.89,50.89,0,0,3
1439265600,48.65,48.65,0,0,2
1439352000,62.89,62.89,0,0,3
1439438400,21.57,21.57,0,0,1
1439524800,44.43,44.43,0,0,2
1439784000,26.03,26.03,0,0,1
1439870400,17.69,17.69,0,0,1
1439956800,46.75,46.75,0,0,2
1440043200,55.02,55.02,0,0,3
1440129600,73.91,73.91,0,0,4
1440388800,83.07,83.07,0,0,4
1440475200,74.77,74.77,0,0,4
1440561600,71.33,71.33,0,0,4
1440648000,68.36,68.36,0,0,3
1440734400,60.32,60.32,0,0,3
1440993600,57.76,57.76,0,0,3
1441080000,65.42,65.42,0,0,3
1441166400,19.18,19.18,0,0,1
1441252800,27.63,27.63,0,0,1
1441339200,28.29,28.29,0,0,1
1441684800,33.6,33.6,0,0,2
1441771200,29.73,29.73,0,0,1
1441857600,6.59,6.59,0,0,1
1441944000,26.3,26.3,0,0,1
1442203200,2.85,2.85,0,0,1
1442289600,18.1,18.1,0,0,1
1442376000,75.97,75.97,0,0,4
1442462400,54.47,54.47,0,0,3
1442548800,23.16,23.16,0,0,1
1442808000,57.7,57.7,0,0,3
1442894400,46.31,46.31,0,0,2
1442980800,0.51,0.51,0,0,1
1443067200,47.47,47.47,0,0,2
1443153600,47.85,47.85,0,0,2
1443412800,62.55,62.55,0,0,3
1443499200,21.01,21.01,0,0,1
1443585600,30.22,30.22,0,0,2
1443672000,62.89,62.89,0,0,3
1443758400,66.09,66.09,0,0,3
1444017600,49.72,49.72,0,0,2
1444104000,42.77,42.77,0,0,2
1444190400,59.76,59.76,0,0,3
1444276800,15.47,15.47,0,0,1
1444363200,34.72,34.72,0,0,2
1444622400,11.06,11.06,0,0,1
1444708800,15.58,15.58,0,0,1
1444795200,29.69,29.69,0,0,1
1444881600,23.91,23.91,0,0,1
1444968000,30.95,30.95,0,0,2
1445227200,18.97,18.97,0,0,1
1445313600,33.48,33.48,0,0,2
1445400000,23.1,23.1,0,0,1
1445486400,32.53,32.53,0,0,2
1445572800,55.42,55.42,0,0,3
1445832000,25.27,25.27,0,0,1
1445918400,1.94,1.94,0,0,1
1446004800,50.06,50.06,0,0,3
1446091200,56.78,56.78,0,0,3
1446177600,39.31,39.31,0,0,2
1446440400,40.1,40.1,0,0,2
1446526800,55.76,55.76,0,0,3
1446613200,31.21,31.21,0,0,2
1446699600,11.28,11.28,0,0,1
1446786000,62.2,62.2,0,0,3
1447045200,33.96,33.96,0,0,2
1447131600,47.27,47.27,0,0,2
1447218000,39.69,39.69,0,0,2
1447304400,58.75,58.75,0,0,3
1447390800,10.55,10.55,0,0,1
1447650000,16.94,16.94,0,0,1
1447736400,28.14,28.14,0,0,1
1447822800,26.95,26.95,0,0,1
1447909200,56.92,56.92,0,0,3
1447995600,11.39,11.39,0,0,1
1448254800,28.78,28.78,0,0,1
1448341200,8.04,8.04,0,0,1
1448427600,53.31,53.31,0,0,3
1448600400,8.83,8.83,0,0,1
1448859600,12.85,12.85,0,0,1
1448946000,44.34,44.34,0,0,2
1449032400,38.49,38.49,0,0,2
1449118800,72.83,72.83,0,0,4
1449205200,66.84,66.84,0,0,3
1449464400,56.12,56.12,0,0,3
1449550800,57.34,57.34,0,0,3
1449637200,51.15,51.15,0,0,3
1449723600,24.11,24.11,0,0,1
1449810000,73.14,73.14,0,0,4
1450069200,65.58,65.58,0,0,3
1450155600,66.31,66.31,0,0,3
1450242000,59.98,59.98,0,0,3
1450328400,60.41,60.41,0,0,3
1450414800,38.93,38.93,0,0,2
1450674000,18.82,18.82,0,0,1
1450760400,41.44,41.44,0,0,2
1450846800,29.23,29.23,0,0,1
1450933200,17.1,17.1,0,0,1
1451278800,3.97,3.97,0,0,1
1451365200,48.77,48.77,0,0,2
1451451600,14.54,14.54,0,0,1
1451538000,69.66,69.66,0,0,3
1451883600,80.13,80.13,0,0,4
1451970000,47.17,47.17,0,0,2
1452056400,63.37,63.37,0,0,3
1452142800,50.0,50.0,0,0,2
1452229200,19.57,19.57,0,0,1
1452488400,54.85,54.85,0,0,3
1452574800,51.04,51.04,0,0,3
1452661200,56.57,56.57,0,0,3
1452747600,66.08,66.08,0,0,3
1452834000,68.39,68.39,0,0,3
1453179600,45.87,45.87,0,0,2
1453266000,63.47,63.47,0,0,3
1453352400,59.39,59.39,0,0,3
1453438800,63.52,63.52,0,0,3
1453698000,33.65,33.65,0,0,2
1453784400,27.97,27.97,0,0,1
1453870800,53.85,53.85,0,0,3
1453957200,49.48,49.48,0,0,2
1454043600,38.03,38.03,0,0,2
1454302800,62.89,62.89,0,0,3
1454389200,17.36,17.36,0,0,1
1454475600,77.99,77.99,0,0,4
1454562000,9.67,9.67,0,0,1
1454648400,40.23,40.23,0,0,2
1454907600,73.2,73.2,0,0,4
1454994000,74.08,74.08,0,0,4
1455080400,17.45,17.45,0,0,1
1455166800,68.69,68.69,0,0,3
1455253200,35.71,35.71,0,0,2
1455598800,43.95,43.95,0,0,2
1455685200,23.96,23.96,0,0,1
1455771600,71.43,71.43,0,0,4
1455858000,20.99,20.99,0,0,1
1456117200,29.02,29.02,0,0,1
1456203600,16.63,16.63,0,0,1
1456290000,14.4,14.4,0,0,1
1456376400,15.98,15.98,0,0,1
1456462800,33.42,33.42,0,0,2
1456722000,68.59,68.59,0,0,3
1456808400,75.01,75.01,0,0,4
1456894800,62.79,62.79,0,0,3
1456981200,34.21,34.21,0,0,2
1457067600,40.76,40.76,0,0,2
1457326800,54.05,54.05,0,0,3
1457413200,27.37,27.37,0,0,1
1457499600,39.58,39.58,0,0,2
1457586000,60.69,60.69,0,0,3
1457672400,43.98,43.98,0,0,2
1457928000,5.46,5.46,0,0,1
1458014400,30.53,30.53,0,0,2
1458100800,61.44,61.44,0,0,3
1458187200,38.58,38.58,0,0,2
1458273600,10.7,10.7,0,0,1
1458532800,31.51,31.51,0,0,2
1458619200,33.76,33.76,0,0,2
1458705600,51.8,51.8,0,0,3
1458792000,17.21,17.21,0,0,1
1459137600,11.98,11.98,0,0,1
1459224000,55.2,55.2,0,0,3
1459310400,28.41,28.41,0,0,1
1459396800,19.49,19.49,0,0,1
1459483200,57.76,57.76,0,0,3
1459742400,15.34,15.34,0,0,1
1459828800,28.51,28.51,0,0,1
1459915200,16.86,16.86,0,0,1
1460001600,40.53,40.53,0,0,2
1460088000,54.75,54.75,0,0,3
1460347200,33.51,33.51,0,0,2
1460433600,30.49,30.49,0,0,2
1460520000,51.58,51.58,0,0,3
1460606400,1.15,1.15,0,0,1
1460692800,7.48,7.48,0,0,1
1460952000,44.85,44.85,0,0,2
1461038400,38.43,38.43,0,0,2
1461124800,34.95,34.95,0,0,2
1461211200,20.82,20.82,0,0,1
1461297600,37.48,37.48,0,0,2
1461556800,24.3,24.3,0,0,1
1461643200,6.31,6.31,0,0,1
1461729600,47.71,47.71,0,0,2
1461816000,32.61,32.61,0,0,2
1461902400,20.42,20.42,0,0,1
1462161600,28.0,28.0,0,0,1
1462248000,44.82,44.82,0,0,2
1462334400,45.39,45.39,0,0,2
1462420800,18.2,18.2,0,0,1
1462507200,40.4,40.4,0,0,2
1462766400,30.31,30.31,0,0,2
1462852800,24.45,24.45,0,0,1
1462939200,39.56,39.56,0,0,2
1463025600,12.47,12.47,0,0,1
1463112000,10.39,10.39,0,0,1
1463371200,12.64,12.64,0,0,1
1463457600,50.47,50.47,0,0,3
1463544000,63.89,63.89,0,0,3
1463630400,22.42,22.42,0,0,1
1463716800,35.57,35.57,0,0,2
1463976000,7.09,7.09,0,0,1
1464062400,4.86,4.86,0,0,1
1464148800,14.46,14.46,0,0,1
1464235200,4.11,4.11,0,0,1
1464321600,16.48,16.48,0,0,1
1464667200,13.56,13.56,0,0,1
1464753600,5.99,5.99,0,0,1
1464840000,1.33,1.33,0,0,1
1464926400,62.49,62.49,0,0,3
1465185600,24.62,24.62,0,0,1
1465272000,9.25,9.25,0,0,1
1465358400,18.17,18.17,0,0,1
1465444800,27.91,27.91,0,0,1
1465531200,52.49,52.49,0,0,3
1465790400,26.09,26.09,0,0,1
1465876800,20.93,20.93,0,0,1
1465963200,44.01,44.01,0,0,2
1466049600,38.79,38.79,0,0,2
1466136000,55.38,55.38,0,0,3
1466395200,51.38,51.38,0,0,3
1466481600,15.87,15.87,0,0,1
1466568000,16.63,16.63,0,0,1
1466654400,43.78,43.78,0,0,2
1466740800,80.9,80.9,0,0,4
1467000000,77.09,77.09,0,0,4
1467086400,70.03,70.03,0,0,4
1467172800,72.63,72.63,0,0,4
1467259200,31.47,31.47,0,0,2
1467345600,17.07,17.07,0,0,1
1467691200,38.1,38.1,0,0,2
1467777600,14.71,14.71,0,0,1
1467864000,80.73,80.73,0,0,4
1467950400,81.5,81.5,0,0,4
1468209600,60.2,60.2,0,0,3
1468296000,38.97,38.97,0,0,2
1468382400,21.01,21.01,0,0,1
1468468800,12.12,12.12,0,0,1
1468555200,37.76,37.76,0,0,2
1468814400,16.99,16.99,0,0,1
1468900800,2.63,2.63,0,0,1
1468987200,2.17,2.17,0,0,1
1469073600,7.87,7.87,0,0,1
1469160000,22.66,22.66,0,0,1
1469419200,5.27,5.27,0,0,1
1469505600,43.14,43.14,0,0,2
1469592000,47.89,47.89,0,0,2
1469678400,28.38,28.38,0,0,1
1469764800,61.27,61.27,0,0,3
1470024000,44.31,44.31,0,0,2
1470110400,54.35,54.35,0,0,3
1470196800,38.55,38.55,0,0,2
1470283200,32.49,32.49,0,0,2
1470369600,32.15,32.15,0,0,2
1470628800,16.79,16.79,0,0,1
1470715200,16.91,16.91,0,0,1
1470801600,6.7,6.7,0,0,1
1470888000,30.67,30.67,0,0,2
1470974400,57.19,57.19,0,0,3
1471233600,2.14,2.14,0,0,1
1471320000,12.05,12.05,0,0,1
1471406400,21.8,21.8,0,0,1
1471492800,15.81,15.81,0,0,1
1471579200,12.1,12.1,0,0,1
1471838400,1.32,1.32,0,0,1
1471924800,36.02,36.02,0,0,2
1472011200,23.85,23.85,0,0,1
1472097600,24.59,24.59,0,0,1
1472184000,16.69,16.69,0,0,1
1472443200,8.7,8.7,0,0,1
1472529600,15.34,15.34,0,0,1
1472616000,22.68,22.68,0,0,1
1472702400,21.38,21.38,0,0,1
1472788800,46.42,46.42,0,0,2
1473134400,46.82,46.82,0,0,2
1473220800,35.96,35.96,0,0,2
1473307200,64.59,64.59,0,0,3
1473393600,69.29,69.29,0,0,3
1473652800,52.42,52.42,0,0,3
1473739200,53.29,53.29,0,0,3
1473825600,5.17,5.17,0,0,1
1473912000,12.21,12.21,0,0,1
1473998400,33.16,33.16,0,0,2
1474257600,7.77,7.77,0,0,1
1474344000,16.75,16.75,0,0,1
1474430400,26.17,26.17,0,0,1
1474516800,11.19,11.19,0,0,1
1474603200,68.5,68.5,0,0,3
1474862400,47.81,47.81,0,0,2
1474948800,52.02,52.02,0,0,3
1475035200,30.9,30.9,0,0,2
1475121600,13.39,13.39,0,0,1
1475208000,28.56,28.56,0,0,1
1475467200,31.02,31.02,0,0,2
1475553600,63.81,63.81,0,0,3
1475640000,44.71,44.71,0,0,2
1475726400,3.49,3.49,0,0,1
1475812800,23.16,23.16,0,0,1
1476072000,30.23,30.23,0,0,2
1476158400,61.06,61.06,0,0,3
1476244800,23.55,23.55,0,0,1
1476331200,16.12,16.12,0,0,1
1476417600,46.53,46.53,0,0,2
1476676800,42.66,42.66,0,0,2
1476763200,31.46,31.46,0,0,2
1476849600,26.48,26.48,0,0,1
1476936000,17.87,17.87,0,0,1
1477022400,26.96,26.96,0,0,1
1477281600,31.91,31.91,0,0,2
1477368000,17.75,17.75,0,0,1
1477454400,28.79,28.79,0,0,1
1477540800,61.13,61.13,0,0,3
1477627200,37.37,37.37,0,0,2
1477886400,46.84,46.84,0,0,2
1477972800,43.05,43.05,0,0,2
1478059200,33.81,33.81,0,0,2
1478145600,45.21,45.21,0,0,2
1478232000,36.86,36.86,0,0,2
1478494800,62.15,62.15,0,0,3
1478581200,52.1,52.1,0,0,3
1478667600,69.15,69.15,0,0,3
1478754000,69.8,69.8,0,0,3
1478840400,60.07,60.07,0,0,3
1479099600,69.02,69.02,0,0,3
1479186000,68.01,68.01,0,0,3
1479272400,41.24,41.24,0,0,2
1479358800,28.47,28.47,0,0,1
1479445200,66.74,66.74,0,0,3
1479704400,35.59,35.59,0,0,2
1479790800,20.31,20.31,0,0,1
1479877200,52.02,52.02,0,0,3
1480050000,20.86,20.86,0,0,1
1480309200,62.44,62.44,0,0,3
1480395600,57.14,57.14,0,0,3
1480482000,66.09,66.09,0,0,3
1480568400,56.24,56.24,0,0,3
1480654800,61.45,61.45,0,0,3
1480914000,3.35,3.35,0,0,1
1481000400,62.03,62.03,0,0,3
1481086800,63.5,63.5,0,0,3
1481173200,34.89,34.89,0,0,2
1481259600,24.65,24.65,0,0,1
1481518800,46.12,46.12,0,0,2
1481605200,4.51,4.51,0,0,1
1481691600,66.01,66.01,0,0,3
1481778000,68.25,68.25,0,0,3
1481864400,31.75,31.75,0,0,2
1482123600,33.03,33.03,0,0,2
1482210000,10.02,10.02,0,0,1
1482296400,60.23,60.23,0,0,3
1482382800,32.44,32.44,0,0,2
1482469200,50.15,50.15,0,0,3
1482814800,9.87,9.87,0,0,1
1482901200,25.15,25.15,0,0,1
1482987600,39.95,39.95,0,0,2
1483074000,29.02,29.02,0,0,1
1483419600,64.88,64.88,0,0,3
1483506000,11.87,11.87,0,0,1
1483592400,47.43,47.43,0,0,2
1483678800,13.56,13.56,0,0,1
1483938000,23.58,23.58,0,0,1
1484024400,3.69,3.69,0,0,1
1484110800,18.92,18.92,0,0,1
1484197200,13.51,13.51,0,0,1
1484283600,7.63,7.63,0,0,1
1484629200,8.47,8.47,0,0,1
1484715600,54.21,54.21,0,0,3
1484802000,40.2,40.2,0,0,2
1484888400,13.25,13.25,0,0,1
1485147600,9.26,9.26,0,0,1
1485234000,3.77,3.77,0,0,1
1485320400,37.31,37.31,0,0,2
1485406800,39.75,39.75,0,0,2
1485493200,10.29,10.29,0,0,1
1485752400,14.48,14.48,0,0,1
1485838800,15.11,15.11,0,0,1
1485925200,18.23,18.23,0,0,1
1486011600,8.04,8.04,0,0,1
1486098000,27.1,27.1,0,0,1
1486357200,36.57,36.57,0,0,2
1486443600,16.89,16.89,0,0,1
1486530000,1.71,1.71,0,0,1
1486616400,6.21,6.21,0,0,1
1486702800,13.07,13.07,0,0,1
1486962000,2.93,2.93,0,0,1
1487048400,11.14,11.14,0,0,1
1487134800,37.28,37.28,0,0,2
1487221200,26.0,26.0,0,0,1
1487307600,14.41,14.41,0,0,1
1487653200,32.39,32.39,0,0,2
1487739600,4.42,4.42,0,0,1
1487826000,0.08,0.08,0,0,1
1487912400,53.47,53.47,0,0,3
1488171600,15.31,15.31,0,0,1
1488258000,49.94,49.94,0,0,2
1488344400,61.3,61.3,0,0,3
1488430800,49.21,49.21,0,0,2
1488517200,20.87,20.87,0,0,1
1488776400,19.84,19.84,0,0,1
1488862800,56.27,56.27,0,0,3
1488949200,50.02,50.02,0,0,3
1489035600,14.16,14.16,0,0,1
1489122000,29.12,29.12,0,0,1
1489377600,53.12,53.12,0,0,3
1489464000,7.59,7.59,0,0,1
1489550400,67.69,67.69,0,0,3
1489636800,42.32,42.32,0,0,2
1489723200,1.37,1.37,0,0,1
1489982400,12.15,12.15,0,0,1
1490068800,45.25,45.25,0,0,2
1490155200,9.28,9.28,0,0,1
1490241600,9.21,9.21,0,0,1
1490328000,45.44,45.44,0,0,2
1490587200,5.49,5.49,0,0,1
1490673600,17.86,17.86,0,0,1
1490760000,3.09,3.09,0,0,1
1490846400,29.62,29.62,0,0,1
1490932800,10.89,10.89,0,0,1
1491192000,3.82,3.82,0,0,1
1491278400,15.16,15.16,0,0,1
1491364800,17.71,17.71,0,0,1
1491451200,4.34,4.34,0,0,1
1491537600,26.79,26.79,0,0,1
1491796800,3.83,3.83,0,0,1
1491883200,47.8,47.8,0,0,2
1491969600,4.06,4.06,0,0,1
1492056000,6.87,6.87,0,0,1
1492401600,53.76,53.76,0,0,3
1492488000,40.42,40.42,0,0,2
1492574400,37.37,37.37,0,0,2
1492660800,16.3,16.3,0,0,1
1492747200,18.76,18.76,0,0,1
1493006400,65.13,65.13,0,0,3
1493092800,20.74,20.74,0,0,1
1493179200,33.88,33.88,0,0,2
1493265600,45.7,45.7,0,0,2
1493352000,22.77,22.77,0,0,1
1493611200,15.19,15.19,0,0,1
1493697600,19.8,19.8,0,0,1
1493784000,49.49,49.49,0,0,2
1493870400,65.66,65.66,0,0,3
1493956800,23.47,23.47,0,0,1
1494216000,21.81,21.81,0,0,1
1494302400,28.28,28.28,0,0,1
1494388800,32.56,32.56,0,0,2
1494475200,13.34,13.34,0,0,1
1494561600,44.25,44.25,0,0,2
1494820800,27.3,27.3,0,0,1
1494907200,27.08,27.08,0,0,1
1494993600,69.27,69.27,0,0,3
1495080000,61.74,61.74,0,0,3
1495166400,47.4,47.4,0,0,2
1495425600,15.93,15.93,0,0,1
1495512000,23.42,23.42,0,0,1
1495598400,9.71,9.71,0,0,1
1495684800,53.31,53.31,0,0,3
1495771200,25.37,25.37,0,0,1
1496116800,26.36,26.36,0,0,1
1496203200,28.16,28.16,0,0,1
1496289600,7.38,7.38,0,0,1
1496376000,29.46,29.46,0,0,1
1496635200,10.74,10.74,0,0,1
1496721600,19.22,19.22,0,0,1
1496808000,36.05,36.05,0,0,2
1496894400,19.94,19.94,0,0,1
1496980800,30.83,30.83,0,0,2
1497240000,38.75,38.75,0,0,2
1497326400,16.5,16.5,0,0,1
1497412800,62.85,62.85,0,0,3
1497499200,54.47,54.47,0,0,3
1497585600,18.04,18.04,0,0,1
1497844800,21.61,21.61,0,0,1
1497931200,32.09,32.09,0,0,2
1498017600,61.96,61.96,0,0,3
1498104000,10.18,10.18,0,0,1
1498190400,22.96,22.96,0,0,1
1498449600,39.06,39.06,0,0,2
1498536000,63.53,63.53,0,0,3
1498622400,44.6,44.6,0,0,2
1498708800,58.38,58.38,0,0,3
1498795200,37.09,37.09,0,0,2
1499054400,52.25,52.25,0,0,3
1499227200,48.53,48.53,0,0,2
1499313600,40.21,40.21,0,0,2
1499400000,35.53,35.53,0,0,2
1499659200,39.0,39.0,0,0,2
1499745600,16.45,16.45,0,0,1
1499832000,27.38,27.38,0,0,1
1499918400,29.28,29.28,0,0,1
1500004800,41.04,41.04,0,0,2
1500264000,33.01,33.01,0,0,2
1500350400,39.33,39.33,0,0,2
1500436800,16.76,16.76,0,0,1
1500523200,27.93,27.93,0,0,1
1500609600,29.94,29.94,0,0,1
1500868800,45.82,45.82,0,0,2
1500955200,33.56,33.56,0,0,2
1501041600,39.13,39.13,0,0,2
1501128000,25.75,25.75,0,0,1
1501214400,9.04,9.04,0,0,1
1501473600,0.84,0.84,0,0,1
1501560000,27.75,27.75,0,0,1
1501646400,15.36,15.36,0,0,1
1501732800,38.63,38.63,0,0,2
1501819200,48.87,48.87,0,0,2
1502078400,6.62,6.62,0,0,1
1502164800,53.96,53.96,0,0,3
1502251200,55.64,55.64,0,0,3
1502337600,61.39,61.39,0,0,3
1502424000,44.81,44.81,0,0,2
1502683200,63.66,63.66,0,0,3
1502769600,28.0,28.0,0,0,1
1502856000,42.85,42.85,0,0,2
1502942400,53.76,53.76,0,0,3
1503028800,63.93,63.93,0,0,3
1503288000,29.24,29.24,0,0,1
1503374400,49.04,49.04,0,0,2
1503460800,14.32,14.32,0,0,1
1503547200,17.08,17.08,0,0,1
1503633600,12.53,12.53,0,0,1
1503892800,53.45,53.45,0,0,3
1504065600,52.03,52.03,0,0,3
1504152000,57.95,57.95,0,0,3
1504238400,40.35,40.35,0,0,2
1504584000,52.69,52.69,0,0,3
1504670400,42.04,42.04,0,0,2
1504756800,43.89,43.89,0,0,2
1504843200,51.12,51.12,0,0,3
1505102400,35.36,35.36,0,0,2
1505188800,38.95,38.95,0,0,2
1505275200,42.37,42.37,0,0,2
1505361600,35.85,35.85,0,0,2
1505448000,38.21,38.21,0,0,2
1505707200,14.47,14.47,0,0,1
1505793600,14.51,14.51,0,0,1
1505880000,50.27,50.27,0,0,3
1505966400,39.47,39.47,0,0,2
1506052800,15.8,15.8,0,0,1
1506312000,52.9,52.9,0,0,3
1506398400,21.44,21.44,0,0,1
1506484800,30.16,30.16,0,0,2
1506571200,34.83,34.83,0,0,2
1506657600,27.63,27.63,0,0,1
1506916800,27.93,27.93,0,0,1
1507003200,18.55,18.55,0,0,1
1507089600,12.81,12.81,0,0,1
1507176000,21.75,21.75,0,0,1
1507262400,51.74,51.74,0,0,3
1507521600,24.79,24.79,0,0,1
1507608000,29.31,29.31,0,0,1
1507694400,20.17,20.17,0,0,1
1507780800,10.12,10.12,0,0,1
1507867200,23.64,23.64,0,0,1
1508126400,26.82,26.82,0,0,1
1508212800,27.1,27.1,0,0,1
1508299200,20.73,20.73,0,0,1
1508385600,18.43,18.43,0,0,1
1508472000,33.15,33.15,0,0,2
1508731200,38.65,38.65,0,0,2
1508817600,7.31,7.31,0,0,1
1508904000,54.94,54.94,0,0,3
1508990400,36.38,36.38,0,0,2
1509076800,48.53,48.53,0,0,2
1509336000,7.87,7.87,0,0,1
1509422400,2.71,2.71,0,0,1
1509508800,26.76,26.76,0,0,1
1509595200,10.24,10.24,0,0,1
1509681600,67.58,67.58,0,0,3
1509944400,43.95,43.95,0,0,2
1510030800,61.34,61.34,0,0,3
1510117200,57.81,57.81,0,0,3
1510203600,43.72,43.72,0,0,2
1510290000,67.36,67.36,0,0,3
1510549200,13.31,13.31,0,0,1
1510635600,46.78,46.78,0,0,2
1510722000,50.08,50.08,0,0,3
1510808400,66.12,66.12,0,0,3
1510894800,39.75,39.75,0,0,2
1511154000,25.32,25.32,0,0,1
1511240400,56.05,56.05,0,0,3
1511326800,61.01,61.01,0,0,3
1511499600,10.86,10.86,0,0,1
1511758800,59.78,59.78,0,0,3
1511845200,45.27,45.27,0,0,2
1511931600,52.3,52.3,0,0,3
1512018000,66.48,66.48,0,0,3
1512104400,45.6,45.6,0,0,2
1512363600,51.13,51.13,0,0,3
1512450000,64.18,64.18,0,0,3
1512536400,68.13,68.13,0,0,3
1512622800,38.61,38.61,0,0,2
1512709200,67.44,67.44,0,0,3
1512968400,20.76,20.76,0,0,1
1513054800,17.14,17.14,0,0,1
1513141200,35.93,35.93,0,0,2
1513227600,20.98,20.98,0,0,1
1513314000,45.95,45.95,0,0,2
1513573200,41.07,41.07,0,0,2
1513659600,67.82,67.82,0,0,3
1513746000,55.29,55.29,0,0,3
1513832400,34.66,34.66,0,0,2
1513918800,8.64,8.64,0,0,1
1514264400,38.5,38.5,0,0,2
1514350800,30.78,30.78,0,0,2
1514437200,28.83,28.83,0,0,1
1514523600,48.76,48.76,0,0,2
1514869200,70.73,70.73,0,0,4
1514955600,36.43,36.43,0,0,2
1515042000,60.26,60.26,0,0,3
1515128400,28.37,28.37,0,0,1
1515387600,34.91,34.91,0,0,2
1515474000,52.73,52.73,0,0,3
1515560400,53.05,53.05,0,0,3
1515646800,39.59,39.59,0,0,2
1515733200,54.39,54.39,0,0,3
1516078800,28.15,28.15,0,0,1
1516165200,48.28,48.28,0,0,2
1516251600,40.21,40.21,0,0,2
1516338000,50.99,50.99,0,0,3
1516597200,24.2,24.2,0,0,1
1516683600,33.45,33.45,0,0,2
1516770000,51.06,51.06,0,0,3
1516856400,36.07,36.07,0,0,2
1516942800,50.98,50.98,0,0,3
1517202000,48.84,48.84,0,0,2
1517288400,52.39,52.39,0,0,3
1517374800,63.49,63.49,0,0,3
1517461200,62.35,62.35,0,0,3
1517547600,70.35,70.35,0,0,4
1517806800,75.79,75.79,0,0,4
1517893200,81.82,81.82,0,0,4
1517979600,66.93,66.93,0,0,3
1518066000,67.39,67.39,0,0,3
1518152400,75.09,75.09,0,0,4
1518411600,55.58,55.58,0,0,3
1518498000,42.76,42.76,0,0,2
1518584400,67.19,67.19,0,0,3
1518670800,55.4,55.4,0,0,3
1518757200,54.45,54.45,0,0,3
1519102800,51.63,51.63,0,0,3
1519189200,27.12,27.12,0,0,1
1519275600,47.78,47.78,0,0,2
1519362000,49.91,49.91,0,0,2
1519621200,8.77,8.77,0,0,1
1519707600,48.61,48.61,0,0,2
1519794000,66.65,66.65,0,0,3
1519880400,60.64,60.64,0,0,3
1519966800,69.28,69.28,0,0,3
1520226000,46.36,46.36,0,0,2
1520312400,33.06,33.06,0,0,2
1520398800,13.23,13.23,0,0,1
1520485200,25.77,25.77,0,0,1
1520571600,41.48,41.48,0,0,2
1520827200,18.93,18.93,0,0,1
1520913600,8.07,8.07,0,0,1
1521000000,41.54,41.54,0,0,2
1521086400,26.16,26.16,0,0,1
1521172800,47.85,47.85,0,0,2
1521432000,18.26,18.26,0,0,1
1521518400,36.09,36.09,0,0,2
1521604800,50.64,50.64,0,0,3
1521691200,47.97,47.97,0,0,2
1521777600,53.89,53.89,0,0,3
1522036800,61.5,61.5,0,0,3
1522123200,57.56,57.56,0,0,3
1522209600,69.13,69.13,0,0,3
1522296000,30.61,30.61,0,0,2
1522641600,54.47,54.47,0,0,3
1522728000,26.05,26.05,0,0,1
1522814400,14.33,14.33,0,0,1
1522900800,57.99,57.99,0,0,3
1522987200,62.85,62.85,0,0,3
1523246400,36.24,36.24,0,0,2
1523332800,49.71,49.71,0,0,2
1523419200,16.09,16.09,0,0,1
1523505600,42.92,42.92,0,0,2
1523592000,6.68,6.68,0,0,1
1523851200,22.34,22.34,0,0,1
1523937600,31.35,31.35,0,0,2
1524024000,56.44,56.44,0,0,3
1524110400,23.49,23.49,0,0,1
1524196800,40.39,40.39,0,0,2
1524456000,61.17,61.17,0,0,3
1524542400,56.5,56.5,0,0,3
1524628800,30.87,30.87,0,0,2
1524715200,18.01,18.01,0,0,1
1524801600,15.9,15.9,0,0,1
1525060800,6.78,6.78,0,0,1
1525147200,33.6,33.6,0,0,2
1525233600,62.46,62.46,0,0,3
1525320000,37.27,37.27,0,0,2
1525406400,25.92,25.92,0,0,1
1525665600,17.64,17.64,0,0,1
1525752000,48.4,48.4,0,0,2
1525838400,15.64,15.64,0,0,1
1525924800,64.1,64.1,0,0,3
1526011200,25.01,25.01,0,0,1
1526270400,9.83,9.83,0,0,1
1526356800,60.02,60.02,0,0,3
1526443200,15.68,15.68,0,0,1
1526529600,19.81,19.81,0,0,1
1526616000,38.35,38.35,0,0,2
1526875200,13.22,13.22,0,0,1
1526961600,21.22,21.22,0,0,1
1527048000,65.26,65.26,0,0,3
1527134400,38.41,38.41,0,0,2
1527220800,56.84,56.84,0,0,3
1527566400,72.25,72.25,0,0,4
1527652800,69.03,69.03,0,0,3
1527739200,42.15,42.15,0,0,2
1527825600,54.08,54.08,0,0,3
1528084800,20.25,20.25,0,0,1
1528171200,32.1,32.1,0,0,2
1528257600,11.09,11.09,0,0,1
1528344000,30.24,30.24,0,0,2
1528430400,25.74,25.74,0,0,1
1528689600,9.46,9.46,0,0,1
1528776000,24.68,24.68,0,0,1
1528862400,28.25,28.25,0,0,1
1528948800,58.46,58.46,0,0,3
1529035200,64.37,64.37,0,0,3
1529294400,32.12,32.12,0,0,2
1529380800,13.1,13.1,0,0,1
1529467200,53.07,53.07,0,0,3
1529553600,25.49,25.49,0,0,1
1529640000,63.31,63.31,0,0,3
1529899200,20.53,20.53,0,0,1
1529985600,36.44,36.44,0,0,2
1530072000,43.27,43.27,0,0,2
1530158400,52.23,52.23,0,0,3
1530244800,44.75,44.75,0,0,2
1530504000,57.85,57.85,0,0,3
1530590400,29.99,29.99,0,0,1
1530763200,42.42,42.42,0,0,2
1530849600,36.96,36.96,0,0,2
1531108800,36.49,36.49,0,0,2
1531195200,24.19,24.19,0,0,1
1531281600,65.61,65.61,0,0,3
1531368000,17.78,17.78,0,0,1
1531454400,32.47,32.47,0,0,2
1531713600,49.09,49.09,0,0,2
1531800000,27.83,27.83,0,0,1
1531886400,21.35,21.35,0,0,1
1531972800,16.81,16.81,0,0,1
1532059200,47.46,47.46,0,0,2
1532318400,49.16,49.16,0,0,2
1532404800,42.34,42.34,0,0,2
1532491200,46.15,46.15,0,0,2
1532577600,28.47,28.47,0,0,1
1532664000,48.33,48.33,0,0,2
1532923200,17.67,17.67,0,0,1
1533009600,38.72,38.72,0,0,2
1533096000,38.23,38.23,0,0,2
1533182400,52.1,52.1,0,0,3
1533268800,13.35,13.35,0,0,1
1533528000,25.07,25.07,0,0,1
1533614400,8.0,8.0,0,0,1
1533700800,48.5,48.5,0,0,2
1533787200,36.4,36.4,0,0,2
1533873600,75.38,75.38,0,0,4
1534132800,47.45,47.45,0,0,2
1534219200,46.49,46.49,0,0,2
1534305600,69.37,69.37,0,0,3
1534392000,12.32,12.32,0,0,1
1534478400,13.67,13.67,0,0,1
1534737600,32.15,32.15,0,0,2
1534824000,14.29,14.29,0,0,1
1534910400,45.88,45.88,0,0,2
1534996800,22.63,22.63,0,0,1
1535083200,53.2,53.2,0,0,3
1535342400,27.35,27.35,0,0,1
1535428800,36.64,36.64,0,0,2
1535515200,28.64,28.64,0,0,1
1535601600,20.97,20.97,0,0,1
1535688000,46.99,46.99,0,0,2
1536033600,54.75,54.75,0,0,3
1536120000,46.23,46.23,0,0,2
1536206400,27.05,27.05,0,0,1
1536292800,54.41,54.41,0,0,3
1536552000,58.18,58.18,0,0,3
1536638400,8.46,8.46,0,0,1
1536724800,14.38,14.38,0,0,1
1536811200,60.87,60.87,0,0,3
1536897600,14.59,14.59,0,0,1
1537156800,9.87,9.87,0,0,1
1537243200,32.05,32.05,0,0,2
1537329600,34.3,34.3,0,0,2
1537416000,19.66,19.66,0,0,1
1537502400,8.08,8.08,0,0,1
1537761600,41.5,41.5,0,0,2
1537848000,1.8,1.8,0,0,1
1537934400,49.83,49.83,0,0,2
1538020800,55.37,55.37,0,0,3
1538107200,57.66,57.66,0,0,3
1538366400,58.4,58.4,0,0,3
1538452800,55.04,55.04,0,0,3
1538539200,58.3,58.3,0,0,3
1538625600,48.54,48.54,0,0,2
1538712000,51.59,51.59,0,0,3
1538971200,59.5,59.5,0,0,3
1539057600,67.33,67.33,0,0,3
1539144000,70.7,70.7,0,0,4
1539230400,79.63,79.63,0,0,4
1539316800,48.18,48.18,0,0,2
1539576000,28.39,28.39,0,0,1
1539662400,56.43,56.43,0,0,3
1539748800,37.71,37.71,0,0,2
1539835200,53.71,53.71,0,0,3
1539921600,36.12,36.12,0,0,2
1540180800,23.77,23.77,0,0,1
1540267200,72.18,72.18,0,0,4
1540353600,69.63,69.63,0,0,3
1540440000,62.86,62.86,0,0,3
1540526400,65.55,65.55,0,0,3
1540785600,35.95,35.95,0,0,2
1540872000,34.63,34.63,0,0,2
1540958400,62.21,62.21,0,0,3
1541044800,65.95,65.95,0,0,3
1541131200,63.92,63.92,0,0,3
1541394000,15.53,15.53,0,0,1
1541480400,26.02,26.02,0,0,1
1541566800,45.33,45.33,0,0,2
1541653200,28.42,28.42,0,0,1
1541739600,51.54,51.54,0,0,3
1541998800,59.4,59.4,0,0,3
1542085200,56.99,56.99,0,0,3
1542171600,67.1,67.1,0,0,3
1542258000,61.1,61.1,0,0,3
1542344400,55.49,55.49,0,0,3
1542603600,35.51,35.51,0,0,2
1542690000,62.66,62.66,0,0,3
1542776400,50.24,50.24,0,0,3
1542949200,61.59,61.59,0,0,3
1543208400,2.95,2.95,0,0,1
1543294800,56.52,56.52,0,0,3
1543381200,65.85,65.85,0,0,3
1543467600,67.21,67.21,0,0,3
1543554000,25.52,25.52,0,0,1
1543813200,41.84,41.84,0,0,2
1543899600,59.51,59.51,0,0,3
1544072400,60.4,60.4,0,0,3
1544158800,48.49,48.49,0,0,2
1544418000,56.41,56.41,0,0,3
1544504400,50.19,50.19,0,0,3
1544590800,37.08,37.08,0,0,2
1544677200,19.52,19.52,0,0,1
1544763600,33.69,33.69,0,0,2
1545022800,64.14,64.14,0,0,3
1545109200,55.9,55.9,0,0,3
1545195600,59.59,59.59,0,0,3
1545282000,63.06,63.06,0,0,3
1545368400,44.11,44.11,0,0,2
1545627600,45.93,45.93,0,0,2
1545800400,69.24,69.24,0,0,3
1545886800,44.88,44.88,0,0,2
1545973200,59.84,59.84,0,0,3
1546232400,68.9,68.9,0,0,3
1546405200,64.79,64.79,0,0,3
1546491600,66.9,66.9,0,0,3
1546578000,70.99,70.99,0,0,4
1546837200,57.12,57.12,0,0,3
1546923600,38.4,38.4,0,0,2
1547010000,64.19,64.19,0,0,3
1547096400,40.6,40.6,0,0,2
1547182800,31.39,31.39,0,0,2
1547442000,18.37,18.37,0,0,1
1547528400,1.49,1.49,0,0,1
1547614800,43.36,43.36,0,0,2
1547701200,5.45,5.45,0,0,1
1547787600,35.39,35.39,0,0,2
1548133200,17.2,17.2,0,0,1
1548219600,18.15,18.15,0,0,1
1548306000,9.98,9.98,0,0,1
1548392400,55.54,55.54,0,0,3
1548651600,22.88,22.88,0,0,1
1548738000,29.06,29.06,0,0,1
1548824400,49.35,49.35,0,0,2
1548910800,51.63,51.63,0,0,3
1548997200,48.39,48.39,0,0,2
1549256400,14.18,14.18,0,0,1
1549342800,26.41,26.41,0,0,1
1549429200,33.81,33.81,0,0,2
1549515600,6.38,6.38,0,0,1
1549602000,28.44,28.44,0,0,1
1549861200,7.51,7.51,0,0,1
1549947600,11.91,11.91,0,0,1
1550034000,19.22,19.22,0,0,1
1550120400,44.79,44.79,0,0,2
1550206800,5.93,5.93,0,0,1
1550552400,37.73,37.73,0,0,2
1550638800,4.87,4.87,0,0,1
1550725200,38.88,38.88,0,0,2
1550811600,5.66,5.66,0,0,1
1551070800,24.28,24.28,0,0,1
1551157200,24.83,24.83,0,0,1
1551243600,29.03,29.03,0,0,1
1551330000,2.62,2.62,0,0,1
1551416400,59.06,59.06,0,0,3
1551675600,1.41,1.41,0,0,1
1551762000,0.96,0.96,0,0,1
1551848400,39.53,39.53,0,0,2
1551934800,49.88,49.88,0,0,2
1552021200,17.88,17.88,0,0,1
1552276800,7.76,7.76,0,0,1
1552363200,11.64,11.64,0,0,1
1552449600,19.38,19.38,0,0,1
1552536000,13.44,13.44,0,0,1
1552622400,30.89,30.89,0,0,2
1552881600,0.93,0.93,0,0,1
1552968000,27.03,27.03,0,0,1
1553054400,54.9,54.9,0,0,3
1553140800,34.97,34.97,0,0,2
1553227200,65.89,65.89,0,0,3
1553486400,53.65,53.65,0,0,3
1553572800,38.82,38.82,0,0,2
1553659200,33.0,33.0,0,0,2
1553745600,29.09,29.09,0,0,1
1553832000,44.59,44.59,0,0,2
1554091200,56.08,56.08,0,0,3
1554177600,1.63,1.63,0,0,1
1554264000,10.66,10.66,0,0,1
1554350400,30.9,30.9,0,0,2
1554436800,1.58,1.58,0,0,1
1554696000,12.92,12.92,0,0,1
1554782400,12.71,12.71,0,0,1
1554868800,16.45,16.45,0,0,1
1554955200,12.58,12.58,0,0,1
1555041600,35.12,35.12,0,0,2
1555300800,36.05,36.05,0,0,2
1555387200,46.87,46.87,0,0,2
1555473600,2.87,2.87,0,0,1
1555560000,18.07,18.07,0,0,1
1555905600,28.85,28.85,0,0,1
1555992000,46.8,46.8,0,0,2
1556078400,31.95,31.95,0,0,2
1556164800,15.96,15.96,0,0,1
1556251200,47.94,47.94,0,0,2
1556510400,33.87,33.87,0,0,2
1556596800,9.53,9.53,0,0,1
1556683200,49.63,49.63,0,0,2
1556769600,41.78,41.78,0,0,2
1556856000,19.08,19.08,0,0,1
1557115200,49.24,49.24,0,0,2
1557201600,38.19,38.19,0,0,2
1557288000,15.11,15.11,0,0,1
1557374400,5.74,5.74,0,0,1
1557460800,49.23,49.23,0,0,2
1557720000,67.57,67.57,0,0,3
1557806400,13.17,13.17,0,0,1
1557892800,9.05,9.05,0,0,1
1557979200,19.24,19.24,0,0,1
1558065600,7.0,7.0,0,0,1
1558324800,46.98,46.98,0,0,2
1558411200,14.13,14.13,0,0,1
1558497600,33.77,33.77,0,0,2
1558584000,57.33,57.33,0,0,3
1558670400,55.91,55.91,0,0,3
1559016000,51.85,51.85,0,0,3
1559102400,32.39,32.39,0,0,2
1559188800,51.88,51.88,0,0,3
1559275200,79.52,79.52,0,0,4
1559534400,56.99,56.99,0,0,3
1559620800,70.28,70.28,0,0,4
1559707200,62.94,62.94,0,0,3
1559793600,51.5,51.5,0,0,3
1559880000,40.18,40.18,0,0,2
1560139200,36.4,36.4,0,0,2
1560225600,22.48,22.48,0,0,1
1560312000,50.92,50.92,0,0,3
1560398400,32.94,32.94,0,0,2
1560484800,14.06,14.06,0,0,1
1560744000,37.1,37.1,0,0,2
1560830400,59.08,59.08,0,0,3
1560916800,49.97,49.97,0,0,2
1561003200,65.76,65.76,0,0,3
1561089600,66.53,66.53,0,0,3
1561348800,25.05,25.05,0,0,1
1561435200,22.71,22.71,0,0,1
1561521600,56.41,56.41,0,0,3
1561608000,30.13,30.13,0,0,2
1561694400,34.55,34.55,0,0,2
1561953600,64.93,64.93,0,0,3
1562040000,68.89,68.89,0,0,3
1562126400,22.59,22.59,0,0,1
1562299200,71.77,71.77,0,0,4
1562558400,19.99,19.99,0,0,1
1562644800,47.67,47.67,0,0,2
1562731200,59.54,59.54,0,0,3
1562817600,40.46,40.46,0,0,2
1562904000,13.7,13.7,0,0,1
1563163200,14.43,14.43,0,0,1
1563249600,3.94,3.94,0,0,1
1563336000,51.87,51.87,0,0,3
1563422400,48.04,48.04,0,0,2
1563508800,49.09,49.09,0,0,2
1563768000,37.51,37.51,0,0,2
1563854400,9.68,9.68,0,0,1
1563940800,17.38,17.38,0,0,1
1564027200,6.14,6.14,0,0,1
1564113600,17.48,17.48,0,0,1
1564372800,17.92,17.92,0,0,1
1564459200,48.16,48.16,0,0,2
1564545600,52.73,52.73,0,0,3
1564632000,70.39,70.39,0,0,4
1564718400,63.27,63.27,0,0,3
1564977600,78.49,78.49,0,0,4
1565064000,58.85,58.85,0,0,3
1565150400,68.43,68.43,0,0,3
1565236800,51.15,51.15,0,0,3
1565323200,28.57,28.57,0,0,1
1565582400,73.42,73.42,0,0,4
1565668800,42.1,42.1,0,0,2
1565755200,72.71,72.71,0,0,4
1565841600,44.32,44.32,0,0,2
1565928000,50.67,50.67,0,0,3
1566187200,53.0,53.0,0,0,3
1566273600,41.25,41.25,0,0,2
1566360000,19.86,19.86,0,0,1
1566446400,27.22,27.22,0,0,1
1566532800,75.37,75.37,0,0,4
1566792000,43.65,43.65,0,0,2
1566878400,14.02,14.02,0,0,1
1566964800,12.0,12.0,0,0,1
1567051200,22.01,22.01,0,0,1
1567137600,45.36,45.36,0,0,2
1567483200,35.7,35.7,0,0,2
1567569600,69.41,69.41,0,0,3
1567656000,64.86,64.86,0,0,3
1567742400,14.37,14.37,0,0,1
1568001600,68.37,68.37,0,0,3
1568088000,53.52,53.52,0,0,3
1568174400,60.13,60.13,0,0,3
1568260800,24.39,24.39,0,0,1
1568347200,64.09,64.09,0,0,3
1568606400,75.96,75.96,0,0,4
1568692800,37.85,37.85,0,0,2
1568779200,62.13,62.13,0,0,3
1568865600,48.02,48.02,0,0,2
1568952000,57.25,57.25,0,0,3
1569211200,47.78,47.78,0,0,2
1569297600,56.57,56.57,0,0,3
1569384000,38.61,38.61,0,0,2
1569470400,9.82,9.82,0,0,1
1569556800,13.38,13.38,0,0,1
1569816000,40.09,40.09,0,0,2
1569902400,29.81,29.81,0,0,1
1569988800,39.48,39.48,0,0,2
1570075200,67.73,67.73,0,0,3
1570161600,30.16,30.16,0,0,2
1570420800,4.47,4.47,0,0,1
1570507200,56.36,56.36,0,0,3
1570593600,8.56,8.56,0,0,1
1570680000,29.76,29.76,0,0,1
1570766400,45.13,45.13,0,0,2
1571025600,0.98,0.98,0,0,1
1571112000,2.58,2.58,0,0,1
1571198400,25.64,25.64,0,0,1
1571284800,42.56,42.56,0,0,2
1571371200,21.95,21.95,0,0,1
1571630400,39.19,39.19,0,0,2
1571716800,23.98,23.98,0,0,1
1571803200,4.25,4.25,0,0,1
1571889600,18.77,18.77,0,0,1
1571976000,23.69,23.69,0,0,1
1572235200,28.11,28.11,0,0,1
1572321600,33.68,33.68,0,0,2
1572408000,24.73,24.73,0,0,1
1572494400,57.51,57.51,0,0,3
1572580800,30.7,30.7,0,0,2
1572843600,50.22,50.22,0,0,3
1572930000,57.71,57.71,0,0,3
1573016400,40.66,40.66,0,0,2
1573102800,46.14,46.14,0,0,2
1573189200,33.43,33.43,0,0,2
1573448400,28.98,28.98,0,0,1
1573534800,24.87,24.87,0,0,1
1573621200,35.92,35.92,0,0,2
1573707600,4.03,4.03,0,0,1
1573794000,15.13,15.13,0,0,1
1574053200,27.55,27.55,0,0,1
1574139600,40.29,40.29,0,0,2
1574226000,32.19,32.19,0,0,2
1574312400,31.96,31.96,0,0,2
1574398800,48.56,48.56,0,0,2
1574658000,11.25,11.25,0,0,1
1574744400,6.22,6.22,0,0,1
1574830800,14.54,14.54,0,0,1
1575003600,57.63,57.63,0,0,3
1575262800,44.32,44.32,0,0,2
1575349200,50.15,50.15,0,0,3
1575435600,32.51,32.51,0,0,2
1575522000,21.12,21.12,0,0,1
1575608400,34.3,34.3,0,0,2
1575867600,27.97,27.97,0,0,1
1575954000,13.28,13.28,0,0,1
1576040400,61.98,61.98,0,0,3
1576126800,52.58,52.58,0,0,3
1576213200,45.5,45.5,0,0,2
1576472400,21.52,21.52,0,0,1
1576558800,37.67,37.67,0,0,2
1576645200,45.82,45.82,0,0,2
1576731600,32.2,32.2,0,0,2
1576818000,42.21,42.21,0,0,2
1577077200,29.34,29.34,0,0,1
1577163600,3.88,3.88,0,0,1
1577336400,9.88,9.88,0,0,1
1577422800,32.16,32.16,0,0,2
1577682000,8.15,8.15,0,0,1
1577768400,50.61,50.61,0,0,3
1577941200,64.21,64.21,0,0,3
1578027600,74.72,74.72,0,0,4
1578286800,57.91,57.91,0,0,3
1578373200,36.22,36.22,0,0,2
1578459600,56.63,56.63,0,0,3
1578546000,53.11,53.11,0,0,3
1578632400,29.94,29.94,0,0,1
1578891600,53.53,53.53,0,0,3
1578978000,20.94,20.94,0,0,1
1579064400,26.13,26.13,0,0,1
1579150800,15.0,15.0,0,0,1
1579237200,34.43,34.43,0,0,2
1579582800,58.61,58.61,0,0,3
1579669200,32.95,32.95,0,0,2
1579755600,25.27,25.27,0,0,1
1579842000,40.84,40.84,0,0,2
1580101200,68.35,68.35,0,0,3
1580187600,65.14,65.14,0,0,3
1580274000,44.41,44.41,0,0,2
1580360400,50.61,50.61,0,0,3
1580446800,62.84,62.84,0,0,3
1580706000,48.49,48.49,0,0,2
1580792400,60.32,60.32,0,0,3
1580878800,44.81,44.81,0,0,2
1580965200,35.5,35.5,0,0,2
1581051600,35.09,35.09,0,0,2
1581310800,12.99,12.99,0,0,1
1581397200,40.16,40.16,0,0,2
1581483600,8.34,8.34,0,0,1
1581570000,47.84,47.84,0,0,2
1581656400,18.95,18.95,0,0,1
1582002000,24.63,24.63,0,0,1
1582088400,58.58,58.58,0,0,3
1582174800,56.96,56.96,0,0,3
1582261200,56.44,56.44,0,0,3
1582520400,83.18,83.18,0,0,4
1582606800,73.34,73.34,0,0,4
1582693200,64.07,64.07,0,0,3
1582779600,82.9,82.9,0,0,4
1582866000,78.24,78.24,0,0,4
1583125200,82.69,82.69,0,0,4
1583211600,81.3,81.3,0,0,4
1583298000,73.7,73.7,0,0,4
1583384400,56.47,56.47,0,0,3
1583470800,79.76,79.76,0,0,4
1583726400,91.95,91.95,0,0,4
1583812800,87.11,87.11,0,0,4
1583899200,85.93,85.93,0,0,4
1583985600,87.24,87.24,0,0,4
1584072000,86.02,86.02,0,0,4
1584331200,88.1,88.1,0,0,4
1584417600,83.76,83.76,0,0,4
1584504000,85.46,85.46,0,0,4
1584590400,86.22,86.22,0,0,4
1584676800,79.64,79.64,0,0,4
1584936000,85.2,85.2,0,0,4
1585022400,81.03,81.03,0,0,4
1585108800,78.83,78.83,0,0,4
1585195200,79.25,79.25,0,0,4
1585281600,70.37,70.37,0,0,4
1585540800,45.43,45.43,0,0,2
1585627200,37.98,37.98,0,0,2
1585713600,33.15,33.15,0,0,2
1585800000,46.75,46.75,0,0,2
1585886400,68.71,68.71,0,0,3
1586145600,45.43,45.43,0,0,2
1586232000,5.94,5.94,0,0,1
1586318400,77.1,77.1,0,0,4
1586404800,76.43,76.43,0,0,4
1586750400,27.41,27.41,0,0,1
1586836800,17.22,17.22,0,0,1
1586923200,55.3,55.3,0,0,3
1587009600,5.7,5.7,0,0,1
1587096000,19.46,19.46,0,0,1
1587355200,10.63,10.63,0,0,1
1587441600,68.46,68.46,0,0,3
1587528000,18.92,18.92,0,0,1
1587614400,30.45,30.45,0,0,2
1587700800,40.82,40.82,0,0,2
1587960000,14.66,14.66,0,0,1
1588046400,2.47,2.47,0,0,1
1588132800,5.48,5.48,0,0,1
1588219200,60.97,60.97,0,0,3
1588305600,9.2,9.2,0,0,1
1588564800,3.44,3.44,0,0,1
1588651200,47.69,47.69,0,0,2
1588737600,1.35,1.35,0,0,1
1588824000,2.91,2.91,0,0,1
1588910400,0.28,0.28,0,0,1
1589169600,42.31,42.31,0,0,2
1589256000,8.03,8.03,0,0,1
1589342400,0.96,0.96,0,0,1
1589428800,9.66,9.66,0,0,1
1589515200,0.03,0.03,0,0,1
1589774400,64.96,64.96,0,0,3
1589860800,0.18,0.18,0,0,1
1589947200,0.44,0.44,0,0,1
1590033600,0.45,0.45,0,0,1
1590120000,7.2,7.2,0,0,1
1590465600,24.1,24.1,0,0,1
1590552000,0.1,0.1,0,0,1
1590638400,38.62,38.62,0,0,2
1590724800,0.39,0.39,0,0,1
1590984000,45.66,45.66,0,0,2
1591070400,0.11,0.11,0,0,1
1591156800,41.66,41.66,0,0,2
1591243200,10.74,10.74,0,0,1
1591329600,46.19,46.19,0,0,2
1591588800,3.77,3.77,0,0,1
1591675200,0.58,0.58,0,0,1
1591761600,53.75,53.75,0,0,3
1591848000,61.58,61.58,0,0,3
1591934400,7.0,7.0,0,0,1
1592193600,0.64,0.64,0,0,1
1592280000,0.07,0.07,0,0,1
1592366400,0.21,0.21,0,0,1
1592452800,0.76,0.76,0,0,1
1592539200,0.31,0.31,0,0,1
1592798400,0.25,0.25,0,0,1
1592884800,0.19,0.19,0,0,1
1592971200,4.4,4.4,0,0,1
1593057600,0.33,0.33,0,0,1
1593144000,0.17,0.17,0,0,1
1593403200,44.84,44.84,0,0,2
1593489600,1.09,1.09,0,0,1
1593576000,0.71,0.71,0,0,1
1593662400,3.54,3.54,0,0,1
1594008000,47.99,47.99,0,0,2
1594094400,0.13,0.13,0,0,1
1594180800,0.14,0.14,0,0,1
1594267200,0.2,0.2,0,0,1
1594353600,0.02,0.02,0,0,1
1594612800,0.08,0.08,0,0,1
1594699200,0.3,0.3,0,0,1
1594785600,0.74,0.74,0,0,1
1594872000,45.51,45.51,0,0,2
1594958400,57.11,57.11,0,0,3
1595217600,2.34,2.34,0,0,1
1595304000,0.23,0.23,0,0,1
1595390400,1.3,1.3,0,0,1
1595476800,0.29,0.29,0,0,1
1595563200,0.12,0.12,0,0,1
1595822400,22.74,22.74,0,0,1
1595908800,20.9,20.9,0,0,1
1595995200,0.06,0.06,0,0,1
1596081600,12.02,12.02,0,0,1
1596168000,60.21,60.21,0,0,3
1596427200,8.38,8.38,0,0,1
1596513600,9.09,9.09,0,0,1
1596600000,0.31,0.31,0,0,1
1596686400,0.02,0.02,0,0,1
1596772800,18.32,18.32,0,0,1
1597032000,1.43,1.43,0,0,1
1597118400,66.79,66.79,0,0,3
1597204800,4.9,4.9,0,0,1
1597291200,15.22,15.22,0,0,1
1597377600,0.71,0.71,0,0,1
1597636800,10.63,10.63,0,0,1
1597723200,15.41,15.41,0,0,1
1597809600,28.34,28.34,0,0,1
1597896000,1.86,1.86,0,0,1
1597982400,1.27,1.27,0,0,1
1598241600,1.02,1.02,0,0,1
1598328000,1.77,1.77,0,0,1
1598414400,3.38,3.38,0,0,1
1598500800,11.42,11.42,0,0,1
1598587200,1.68,1.68,0,0,1
1598846400,1.74,1.74,0,0,1
1598932800,1.12,1.12,0,0,1
1599019200,28.19,28.19,0,0,1
1599105600,59.97,59.97,0,0,3
1599192000,60.27,60.27,0,0,3
1599537600,32.3,32.3,0,0,2
1599624000,0.48,0.48,0,0,1
1599710400,0.37,0.37,0,0,1
1599796800,3.53,3.53,0,0,1
1600056000,12.54,12.54,0,0,1
1600142400,1.46,1.46,0,0,1
1600228800,8.49,8.49,0,0,1
1600315200,12.78,12.78,0,0,1
1600401600,2.64,2.64,0,0,1
1600660800,30.56,30.56,0,0,2
1600747200,4.31,4.31,0,0,1
1600833600,26.64,26.64,0,0,1
1600920000,10.57,10.57,0,0,1
1601006400,19.33,19.33,0,0,1
1601265600,0.73,0.73,0,0,1
1601352000,4.14,4.14,0,0,1
1601438400,5.0,5.0,0,0,1
1601524800,5.59,5.59,0,0,1
1601611200,25.36,25.36,0,0,1
1601870400,36.5,36.5,0,0,2
1601956800,1.97,1.97,0,0,1
1602043200,2.73,2.73,0,0,1
1602129600,3.46,3.46,0,0,1
1602216000,4.33,4.33,0,0,1
1602475200,11.3,11.3,0,0,1
1602561600,51.63,51.63,0,0,3
1602648000,0.78,0.78,0,0,1
1602734400,2.22,2.22,0,0,1
1602820800,3.36,3.36,0,0,1
1603080000,1.37,1.37,0,0,1
1603166400,2.38,2.38,0,0,1
1603252800,12.88,12.88,0,0,1
1603339200,4.48,4.48,0,0,1
1603425600,5.28,5.28,0,0,1
1603684800,8.51,8.51,0,0,1
1603771200,10.18,10.18,0,0,1
1603857600,58.32,58.32,0,0,3
1603944000,7.89,7.89,0,0,1
1604030400,18.44,18.44,0,0,1
1604293200,44.77,44.77,0,0,2
1604379600,3.01,3.01,0,0,1
1604466000,68.31,68.31,0,0,3
1604552400,52.87,52.87,0,0,3
1604638800,31.97,31.97,0,0,2
1604898000,67.08,67.08,0,0,3
1604984400,18.9,18.9,0,0,1
1605070800,4.16,4.16,0,0,1
1605157200,1.5,1.5,0,0,1
1605243600,6.26,6.26,0,0,1
1605502800,2.67,2.67,0,0,1
1605589200,3.49,3.49,0,0,1
1605675600,3.58,3.58,0,0,1
1605762000,6.08,6.08,0,0,1
1605848400,0.79,0.79,0,0,1
1606107600,7.94,7.94,0,0,1
1606194000,35.62,35.62,0,0,2
1606280400,0.61,0.61,0,0,1
1606453200,3.52,3.52,0,0,1
1606712400,55.0,55.0,0,0,3
1606798800,43.5,43.5,0,0,2
1606885200,5.8,5.8,0,0,1
1606971600,9.0,9.0,0,0,1
1607058000,9.73,9.73,0,0,1
1607317200,17.16,17.16,0,0,1
1607403600,8.73,8.73,0,0,1
1607490000,2.22,2.22,0,0,1
1607576400,2.03,2.03,0,0,1
1607662800,18.42,18.42,0,0,1
1607922000,3.35,3.35,0,0,1
1608008400,1.29,1.29,0,0,1
1608094800,27.51,27.51,0,0,1
1608181200,7.14,7.14,0,0,1
1608267600,10.36,10.36,0,0,1
1608526800,11.81,11.81,0,0,1
1608613200,29.61,29.61,0,0,1
1608699600,19.11,19.11,0,0,1
1608786000,0.22,0.22,0,0,1
1609131600,1.19,1.19,0,0,1
1609218000,2.4,2.4,0,0,1
1609304400,0.65,0.65,0,0,1
1609390800,10.69,10.69,0,0,1
1609736400,62.23,62.23,0,0,3
1609822800,51.81,51.81,0,0,3
1609909200,61.14,61.14,0,0,3
1609995600,42.44,42.44,0,0,2
1610082000,56.95,56.95,0,0,3
1610341200,10.76,10.76,0,0,1
1610427600,40.68,40.68,0,0,2
1610514000,11.85,11.85,0,0,1
1610600400,10.27,10.27,0,0,1
1610686800,47.82,47.82,0,0,2
1611032400,3.86,3.86,0,0,1
1611118800,13.4,13.4,0,0,1
1611205200,18.76,18.76,0,0,1
1611291600,9.71,9.71,0,0,1
1611550800,37.51,37.51,0,0,2
1611637200,7.3,7.3,0,0,1
1611723600,53.67,53.67,0,0,3
1611810000,46.61,46.61,0,0,2
1611896400,59.66,59.66,0,0,3
1612155600,64.53,64.53,0,0,3
1612242000,18.71,18.71,0,0,1
1612328400,1.18,1.18,0,0,1
1612414800,27.07,27.07,0,0,1
1612501200,0.74,0.74,0,0,1
1612760400,11.99,11.99,0,0,1
1612846800,6.11,6.11,0,0,1
1612933200,21.08,21.08,0,0,1
1613019600,1.64,1.64,0,0,1
1613106000,30.27,30.27,0,0,2
1613451600,58.71,58.71,0,0,3
1613538000,53.51,53.51,0,0,3
1613624400,48.56,48.56,0,0,2
1613710800,19.25,19.25,0,0,1
1613970000,64.23,64.23,0,0,3
1614056400,14.43,14.43,0,0,1
1614142800,22.53,22.53,0,0,1
1614229200,69.01,69.01,0,0,3
1614315600,71.73,71.73,0,0,4
1614574800,66.15,66.15,0,0,3
1614661200,7.66,7.66,0,0,1
1614747600,54.73,54.73,0,0,3
1614834000,49.61,49.61,0,0,2
1614920400,26.2,26.2,0,0,1
1615179600,64.15,64.15,0,0,3
1615266000,59.54,59.54,0,0,3
1615352400,16.68,16.68,0,0,1
1615438800,10.25,10.25,0,0,1
1615525200,41.99,41.99,0,0,2
1615780800,16.88,16.88,0,0,1
1615867200,16.71,16.71,0,0,1
1615953600,33.71,33.71,0,0,2
1616040000,65.28,65.28,0,0,3
1616126400,39.0,39.0,0,0,2
1616385600,28.18,28.18,0,0,1
1616472000,56.71,56.71,0,0,3
1616558400,50.68,50.68,0,0,3
1616644800,7.7,7.7,0,0,1
1616731200,28.52,28.52,0,0,1
1616990400,9.75,9.75,0,0,1
1617076800,34.36,34.36,0,0,2
1617163200,52.41,52.41,0,0,3
1617249600,46.09,46.09,0,0,2
1617595200,39.39,39.39,0,0,2
1617681600,55.68,55.68,0,0,3
1617768000,10.75,10.75,0,0,1
1617854400,2.96,2.96,0,0,1
1617940800,6.44,6.44,0,0,1
1618200000,9.71,9.71,0,0,1
1618286400,12.74,12.74,0,0,1
1618372800,8.52,8.52,0,0,1
1618459200,31.14,31.14,0,0,2
1618545600,18.11,18.11,0,0,1
1618804800,12.77,12.77,0,0,1
1618891200,37.36,37.36,0,0,2
1618977600,5.52,5.52,0,0,1
1619064000,4.56,4.56,0,0,1
1619150400,16.65,16.65,0,0,1
1619409600,19.13,19.13,0,0,1
1619496000,22.46,22.46,0,0,1
1619582400,10.49,10.49,0,0,1
1619668800,6.69,6.69,0,0,1
1619755200,51.43,51.43,0,0,3
1620014400,24.14,24.14,0,0,1
1620100800,21.98,21.98,0,0,1
1620187200,52.0,52.0,0,0,3
1620273600,28.45,28.45,0,0,1
1620360000,5.12,5.12,0,0,1
1620619200,26.52,26.52,0,0,1
1620705600,17.13,17.13,0,0,1
1620792000,57.54,57.54,0,0,3
1620878400,53.29,53.29,0,0,3
1620964800,11.29,11.29,0,0,1
1621224000,7.99,7.99,0,0,1
1621310400,48.68,48.68,0,0,2
1621396800,45.9,45.9,0,0,2
1621483200,11.5,11.5,0,0,1
1621569600,8.39,8.39,0,0,1
1621828800,4.31,4.31,0,0,1
1621915200,3.3,3.3,0,0,1
1622001600,43.21,43.21,0,0,2
1622088000,0.7,0.7,0,0,1
1622174400,24.47,24.47,0,0,1
1622520000,58.78,58.78,0,0,3
1622606400,13.48,13.48,0,0,1
1622692800,17.61,17.61,0,0,1
1622779200,20.37,20.37,0,0,1
1623038400,6.61,6.61,0,0,1
1623124800,1.07,1.07,0,0,1
1623211200,22.6,22.6,0,0,1
1623297600,26.11,26.11,0,0,1
1623384000,21.78,21.78,0,0,1
1623643200,16.4,16.4,0,0,1
1623729600,20.29,20.29,0,0,1
1623816000,64.54,64.54,0,0,3
1623902400,64.49,64.49,0,0,3
1623988800,49.68,49.68,0,0,2
1624248000,49.54,49.54,0,0,2
1624334400,33.46,33.46,0,0,2
1624420800,46.43,46.43,0,0,2
1624507200,27.99,27.99,0,0,1
1624593600,8.33,8.33,0,0,1
1624852800,6.21,6.21,0,0,1
1624939200,2.75,2.75,0,0,1
1625025600,11.08,11.08,0,0,1
1625112000,3.85,3.85,0,0,1
1625198400,11.43,11.43,0,0,1
1625544000,57.63,57.63,0,0,3
1625630400,13.8,13.8,0,0,1
1625716800,58.36,58.36,0,0,3
1625803200,36.0,36.0,0,0,2
1626062400,6.39,6.39,0,0,1
1626148800,30.59,30.59,0,0,2
1626235200,49.74,49.74,0,0,2
1626321600,7.46,7.46,0,0,1
1626408000,23.7,23.7,0,0,1
1626667200,68.96,68.96,0,0,3
1626753600,57.41,57.41,0,0,3
1626840000,39.91,39.91,0,0,2
1626926400,19.86,19.86,0,0,1
1627012800,59.3,59.3,0,0,3
1627272000,47.13,47.13,0,0,2
1627358400,48.81,48.81,0,0,2
1627444800,40.51,40.51,0,0,2
1627531200,30.3,30.3,0,0,2
1627617600,32.27,32.27,0,0,2
1627876800,56.02,56.02,0,0,3
1627963200,14.35,14.35,0,0,1
1628049600,21.32,21.32,0,0,1
1628136000,9.6,9.6,0,0,1
1628222400,54.66,54.66,0,0,3
1628481600,42.0,42.0,0,0,2
1628568000,38.13,38.13,0,0,2
1628654400,30.24,30.24,0,0,2
1628740800,18.54,18.54,0,0,1
1628827200,17.09,17.09,0,0,1
1629086400,45.5,45.5,0,0,2
1629172800,27.17,27.17,0,0,1
1629259200,49.34,49.34,0,0,2
1629345600,42.95,42.95,0,0,2
1629432000,38.26,38.26,0,0,2
1629691200,57.17,57.17,0,0,3
1629777600,24.53,24.53,0,0,1
1629864000,56.39,56.39,0,0,3
1629950400,26.14,26.14,0,0,1
1630036800,37.43,37.43,0,0,2
1630296000,36.18,36.18,0,0,2
1630382400,13.11,13.11,0,0,1
1630468800,47.54,47.54,0,0,2
1630555200,5.94,5.94,0,0,1
1630641600,20.88,20.88,0,0,1
1630987200,48.08,48.08,0,0,2
1631073600,52.92,52.92,0,0,3
1631160000,63.81,63.81,0,0,3
1631246400,26.48,26.48,0,0,1
1631505600,37.06,37.06,0,0,2
1631592000,2.56,2.56,0,0,1
1631678400,16.82,16.82,0,0,1
1631764800,37.64,37.64,0,0,2
1631851200,23.67,23.67,0,0,1
1632110400,69.0,69.0,0,0,3
1632196800,52.47,52.47,0,0,3
1632283200,44.03,44.03,0,0,2
1632369600,55.66,55.66,0,0,3
1632456000,56.9,56.9,0,0,3
1632715200,24.84,24.84,0,0,1
1632801600,67.7,67.7,0,0,3
1632888000,50.3,50.3,0,0,3
1632974400,56.19,56.19,0,0,3
1633060800,62.95,62.95,0,0,3
1633320000,65.9,65.9,0,0,3
1633406400,62.46,62.46,0,0,3
1633492800,54.21,54.21,0,0,3
1633579200,20.57,20.57,0,0,1
1633665600,23.54,23.54,0,0,1
1633924800,54.38,54.38,0,0,3
1634011200,41.32,41.32,0,0,2
1634097600,60.18,60.18,0,0,3
1634184000,28.84,28.84,0,0,1
1634270400,36.66,36.66,0,0,2
1634529600,11.0,11.0,0,0,1
1634616000,35.37,35.37,0,0,2
1634702400,28.14,28.14,0,0,1
1634788800,66.28,66.28,0,0,3
1634875200,54.36,54.36,0,0,3
1635134400,22.12,22.12,0,0,1
1635220800,23.44,23.44,0,0,1
1635307200,45.83,45.83,0,0,2
1635393600,66.57,66.57,0,0,3
1635480000,48.22,48.22,0,0,2
1635739200,49.69,49.69,0,0,2
1635825600,28.53,28.53,0,0,1
1635912000,56.01,56.01,0,0,3
1635998400,61.62,61.62,0,0,3
1636084800,30.28,30.28,0,0,2
1636347600,63.45,63.45,0,0,3
1636434000,44.53,44.53,0,0,2
1636520400,69.04,69.04,0,0,3
1636606800,20.0,20.0,0,0,1
1636693200,35.34,35.34,0,0,2
1636952400,41.28,41.28,0,0,2
1637038800,24.4,24.4,0,0,1
1637125200,17.98,17.98,0,0,1
1637211600,19.07,19.07,0,0,1
1637298000,24.78,24.78,0,0,1
1637557200,50.87,50.87,0,0,3
1637643600,55.93,55.93,0,0,3
1637730000,30.11,30.11,0,0,2
1637902800,74.19,74.19,0,0,4
1638162000,65.24,65.24,0,0,3
1638248400,66.26,66.26,0,0,3
1638334800,62.89,62.89,0,0,3
1638421200,66.21,66.21,0,0,3
1638507600,53.32,53.32,0,0,3
1638766800,45.8,45.8,0,0,2
1638853200,43.08,43.08,0,0,2
1638939600,24.96,24.96,0,0,1
1639026000,33.63,33.63,0,0,2
1639112400,12.91,12.91,0,0,1
1639371600,47.29,47.29,0,0,2
1639458000,10.22,10.22,0,0,1
1639544400,34.41,34.41,0,0,2
1639630800,42.4,42.4,0,0,2
1639717200,29.47,29.47,0,0,1
1639976400,39.0,39.0,0,0,2
1640062800,55.99,55.99,0,0,3
1640149200,9.19,9.19,0,0,1
1640235600,10.39,10.39,0,0,1
1640581200,56.86,56.86,0,0,3
1640667600,21.62,21.62,0,0,1
1640754000,32.89,32.89,0,0,2
1640840400,16.45,16.45,0,0,1
1640926800,53.25,53.25,0,0,3
1641186000,71.62,71.62,0,0,4
1641272400,65.79,65.79,0,0,3
1641358800,76.03,76.03,0,0,4
1641445200,16.41,16.41,0,0,1
1641531600,70.59,70.59,0,0,4
1641790800,56.09,56.09,0,0,3
1641877200,65.59,65.59,0,0,3
1641963600,65.11,65.11,0,0,3
1642050000,39.1,39.1,0,0,2
1642136400,42.35,42.35,0,0,2
1642482000,65.81,65.81,0,0,3
1642568400,63.65,63.65,0,0,3
1642654800,29.06,29.06,0,0,1
1642741200,70.5,70.5,0,0,4
1643000400,67.08,67.08,0,0,3
1643086800,44.98,44.98,0,0,2
1643173200,63.06,63.06,0,0,3
1643259600,65.61,65.61,0,0,3
1643346000,68.85,68.85,0,0,3
1643605200,60.54,60.54,0,0,3
1643691600,59.68,59.68,0,0,3
1643778000,48.39,48.39,0,0,2
1643864400,68.49,68.49,0,0,3
1643950800,61.78,61.78,0,0,3
1644210000,22.15,22.15,0,0,1
1644296400,48.28,48.28,0,0,2
1644382800,47.75,47.75,0,0,2
1644469200,67.18,67.18,0,0,3
1644555600,70.85,70.85,0,0,4
1644814800,61.81,61.81,0,0,3
1644901200,63.25,63.25,0,0,3
1644987600,42.47,42.47,0,0,2
1645074000,62.91,62.91,0,0,3
1645160400,33.66,33.66,0,0,2
1645506000,62.66,62.66,0,0,3
1645592400,71.89,71.89,0,0,4
1645678800,86.62,86.62,0,0,4
1645765200,76.45,76.45,0,0,4
1646024400,80.16,80.16,0,0,4
1646110800,75.09,75.09,0,0,4
1646197200,78.64,78.64,0,0,4
1646283600,71.47,71.47,0,0,4
1646370000,75.96,75.96,0,0,4
1646629200,74.43,74.43,0,0,4
1646715600,72.7,72.7,0,0,4
1646802000,81.3,81.3,0,0,4
1646888400,57.51,57.51,0,0,3
1646974800,43.67,43.67,0,0,2
1647230400,52.15,52.15,0,0,3
1647316800,61.62,61.62,0,0,3
1647403200,66.66,66.66,0,0,3
1647489600,64.97,64.97,0,0,3
1647576000,35.6,35.6,0,0,2
1647835200,56.3,56.3,0,0,3
1647921600,22.41,22.41,0,0,1
1648008000,31.25,31.25,0,0,2
1648094400,50.65,50.65,0,0,3
1648180800,39.53,39.53,0,0,2
1648440000,40.87,40.87,0,0,2
1648526400,77.6,77.6,0,0,4
1648612800,15.76,15.76,0,0,1
1648699200,26.51,26.51,0,0,1
1648785600,50.6,50.6,0,0,3
1649044800,20.37,20.37,0,0,1
1649131200,43.75,43.75,0,0,2
1649217600,65.59,65.59,0,0,3
1649304000,27.66,27.66,0,0,1
1649390400,21.8,21.8,0,0,1
1649649600,72.12,72.12,0,0,4
1649736000,66.84,66.84,0,0,3
1649822400,23.77,23.77,0,0,1
1649908800,64.03,64.03,0,0,3
1650254400,18.5,18.5,0,0,1
1650340800,38.98,38.98,0,0,2
1650427200,29.74,29.74,0,0,1
1650513600,47.15,47.15,0,0,2
1650600000,54.77,54.77,0,0,3
1650859200,59.61,59.61,0,0,3
1650945600,54.87,54.87,0,0,3
1651032000,58.64,58.64,0,0,3
1651118400,61.47,61.47,0,0,3
1651204800,64.07,64.07,0,0,3
1651464000,63.73,63.73,0,0,3
1651550400,14.49,14.49,0,0,1
1651636800,63.25,63.25,0,0,3
1651723200,62.62,62.62,0,0,3
1651809600,44.28,44.28,0,0,2
1652068800,65.36,65.36,0,0,3
1652155200,32.08,32.08,0,0,2
1652241600,55.17,55.17,0,0,3
1652328000,54.59,54.59,0,0,3
1652414400,60.29,60.29,0,0,3
1652673600,7.35,7.35,0,0,1
1652760000,29.55,29.55,0,0,1
1652846400,47.6,47.6,0,0,2
1652932800,55.21,55.21,0,0,3
1653019200,60.4,60.4,0,0,3
1653278400,48.96,48.96,0,0,2
1653364800,43.41,43.41,0,0,2
1653451200,67.97,67.97,0,0,3
1653537600,59.57,59.57,0,0,3
1653624000,28.87,28.87,0,0,1
1653969600,13.05,13.05,0,0,1
1654056000,34.04,34.04,0,0,2
1654142400,44.4,44.4,0,0,2
1654228800,46.91,46.91,0,0,2
1654488000,34.57,34.57,0,0,2
1654574400,4.38,4.38,0,0,1
1654660800,21.55,21.55,0,0,1
1654747200,65.91,65.91,0,0,3
1654833600,63.72,63.72,0,0,3
1655092800,72.23,72.23,0,0,4
1655179200,58.55,58.55,0,0,3
1655265600,67.51,67.51,0,0,3
1655352000,67.07,67.07,0,0,3
1655438400,40.45,40.45,0,0,2
1655784000,51.1,51.1,0,0,3
1655870400,56.56,56.56,0,0,3
1655956800,30.62,30.62,0,0,2
1656043200,20.48,20.48,0,0,1
1656302400,16.96,16.96,0,0,1
1656388800,40.79,40.79,0,0,2
1656475200,65.04,65.04,0,0,3
1656561600,31.93,31.93,0,0,2
1656648000,47.08,47.08,0,0,2
1656993600,63.19,63.19,0,0,3
1657080000,43.87,43.87,0,0,2
1657166400,59.58,59.58,0,0,3
1657252800,8.85,8.85,0,0,1
1657512000,25.78,25.78,0,0,1
1657598400,50.34,50.34,0,0,3
1657684800,43.03,43.03,0,0,2
1657771200,43.51,43.51,0,0,2
1657857600,3.65,3.65,0,0,1
1658116800,56.77,56.77,0,0,3
1658203200,39.79,39.79,0,0,2
1658289600,43.16,43.16,0,0,2
1658376000,63.3,63.3,0,0,3
1658462400,39.14,39.14,0,0,2
1658721600,22.09,22.09,0,0,1
1658808000,8.16,8.16,0,0,1
1658894400,44.03,44.03,0,0,2
1658980800,49.82,49.82,0,0,2
1659067200,33.26,33.26,0,0,2
1659326400,22.79,22.79,0,0,1
1659412800,52.36,52.36,0,0,3
1659499200,54.61,54.61,0,0,3
1659585600,52.03,52.03,0,0,3
1659672000,50.8,50.8,0,0,3
1659931200,23.43,23.43,0,0,1
1660017600,41.02,41.02,0,0,2
1660104000,34.98,34.98,0,0,2
1660190400,14.61,14.61,0,0,1
1660276800,28.59,28.59,0,0,1
1660536000,19.08,19.08,0,0,1
1660622400,12.19,12.19,0,0,1
1660708800,5.2,5.2,0,0,1
1660795200,33.9,33.9,0,0,2
1660881600,4.47,4.47,0,0,1
1661140800,12.9,12.9,0,0,1
1661227200,26.99,26.99,0,0,1
1661313600,8.66,8.66,0,0,1
1661400000,2.48,2.48,0,0,1
1661486400,44.01,44.01,0,0,2
1661745600,12.34,12.34,0,0,1
1661832000,30.83,30.83,0,0,2
1661918400,30.44,30.44,0,0,2
1662004800,56.83,56.83,0,0,3
1662091200,46.37,46.37,0,0,2
1662436800,50.56,50.56,0,0,3
1662523200,34.53,34.53,0,0,2
1662609600,12.23,12.23,0,0,1
1662696000,43.27,43.27,0,0,2
1662955200,5.76,5.76,0,0,1
1663041600,52.05,52.05,0,0,3
1663128000,55.74,55.74,0,0,3
1663214400,31.7,31.7,0,0,2
1663300800,44.33,44.33,0,0,2
1663560000,46.25,46.25,0,0,2
1663646400,39.23,39.23,0,0,2
1663732800,16.04,16.04,0,0,1
1663819200,67.83,67.83,0,0,3
1663905600,73.45,73.45,0,0,4
1664164800,71.4,71.4,0,0,4
1664251200,72.36,72.36,0,0,4
1664337600,83.07,83.07,0,0,4
1664424000,37.31,37.31,0,0,2
1664510400,44.7,44.7,0,0,2
1664769600,45.25,45.25,0,0,2
1664856000,51.61,51.61,0,0,3
1664942400,23.77,23.77,0,0,1
1665028800,32.29,32.29,0,0,2
1665115200,43.36,43.36,0,0,2
1665374400,37.14,37.14,0,0,2
1665460800,36.94,36.94,0,0,2
1665547200,68.78,68.78,0,0,3
1665633600,74.89,74.89,0,0,4
1665720000,40.03,40.03,0,0,2
1665979200,33.6,33.6,0,0,2
1666065600,10.41,10.41,0,0,1
1666152000,22.25,22.25,0,0,1
1666238400,25.94,25.94,0,0,1
1666324800,37.88,37.88,0,0,2
1666584000,37.17,37.17,0,0,2
1666670400,73.87,73.87,0,0,4
1666756800,71.31,71.31,0,0,4
1666843200,29.12,29.12,0,0,1
1666929600,33.57,33.57,0,0,2
1667188800,37.62,37.62,0,0,2
1667275200,43.4,43.4,0,0,2
1667361600,14.3,14.3,0,0,1
1667448000,23.17,23.17,0,0,1
1667534400,76.66,76.66,0,0,4
1667797200,25.16,25.16,0,0,1
1667883600,42.08,42.08,0,0,2
1667970000,45.63,45.63,0,0,2
1668056400,78.93,78.93,0,0,4
1668142800,20.61,20.61,0,0,1
1668402000,65.27,65.27,0,0,3
1668488400,28.47,28.47,0,0,1
1668574800,17.41,17.41,0,0,1
1668661200,22.38,22.38,0,0,1
1668747600,10.43,10.43,0,0,1
1669006800,11.9,11.9,0,0,1
1669093200,3.25,3.25,0,0,1
1669179600,23.65,23.65,0,0,1
1669352400,11.06,11.06,0,0,1
1669611600,59.39,59.39,0,0,3
1669698000,71.64,71.64,0,0,4
1669784400,58.57,58.57,0,0,3
1669870800,68.81,68.81,0,0,3
1669957200,66.84,66.84,0,0,3
1670216400,25.45,25.45,0,0,1
1670302800,11.64,11.64,0,0,1
1670389200,23.6,23.6,0,0,1
1670475600,5.15,5.15,0,0,1
1670562000,17.31,17.31,0,0,1
1670821200,24.37,24.37,0,0,1
1670907600,56.31,56.31,0,0,3
1670994000,11.84,11.84,0,0,1
1671080400,74.36,74.36,0,0,4
1671166800,13.38,13.38,0,0,1
1671426000,2.03,2.03,0,0,1
1671512400,69.57,69.57,0,0,3
1671598800,9.82,9.82,0,0,1
1671685200,7.16,7.16,0,0,1
1671771600,26.44,26.44,0,0,1
1672117200,49.75,49.75,0,0,2
1672203600,44.09,44.09,0,0,2
1672290000,53.0,53.0,0,0,3
1672376400,44.68,44.68,0,0,2
1672722000,58.09,58.09,0,0,3
1672808400,46.17,46.17,0,0,2
1672894800,40.19,40.19,0,0,2
1672981200,17.97,17.97,0,0,1
1673240400,21.24,21.24,0,0,1
1673326800,10.43,10.43,0,0,1
1673413200,49.97,49.97,0,0,2
1673499600,9.67,9.67,0,0,1
1673586000,27.26,27.26,0,0,1
1673931600,18.74,18.74,0,0,1
1674018000,46.26,46.26,0,0,2
1674104400,54.39,54.39,0,0,3
1674190800,31.34,31.34,0,0,2
1674450000,24.9,24.9,0,0,1
1674536400,8.75,8.75,0,0,1
1674622800,10.86,10.86,0,0,1
1674709200,25.2,25.2,0,0,1
1674795600,34.85,34.85,0,0,2
1675054800,10.39,10.39,0,0,1
1675141200,33.92,33.92,0,0,2
1675227600,42.48,42.48,0,0,2
1675314000,62.8,62.8,0,0,3
1675400400,60.8,60.8,0,0,3
1675659600,41.61,41.61,0,0,2
1675746000,30.75,30.75,0,0,2
1675832400,4.44,4.44,0,0,1
1675918800,21.67,21.67,0,0,1
1676005200,29.94,29.94,0,0,1
1676264400,7.2,7.2,0,0,1
1676350800,22.26,22.26,0,0,1
1676437200,25.91,25.91,0,0,1
1676523600,50.16,50.16,0,0,3
1676610000,57.01,57.01,0,0,3
1676955600,41.73,41.73,0,0,2
1677042000,34.75,34.75,0,0,2
1677128400,48.05,48.05,0,0,2
1677214800,29.2,29.2,0,0,1
1677474000,30.97,30.97,0,0,2
1677560400,9.93,9.93,0,0,1
1677646800,38.44,38.44,0,0,2
1677733200,37.33,37.33,0,0,2
1677819600,32.69,32.69,0,0,2
1678078800,9.36,9.36,0,0,1
1678165200,32.18,32.18,0,0,2
1678251600,32.75,32.75,0,0,2
1678338000,58.36,58.36,0,0,3
1678424400,67.25,67.25,0,0,3
1678680000,70.37,70.37,0,0,4
1678766400,48.24,48.24,0,0,2
1678852800,67.98,67.98,0,0,3
1678939200,68.93,68.93,0,0,3
1679025600,65.06,65.06,0,0,3
1679284800,70.08,70.08,0,0,4
1679371200,65.83,65.83,0,0,3
1679457600,64.34,64.34,0,0,3
1679544000,65.58,65.58,0,0,3
1679630400,57.12,57.12,0,0,3
1679889600,55.76,55.76,0,0,3
1679976000,20.74,20.74,0,0,1
1680062400,51.98,51.98,0,0,3
1680148800,32.67,32.67,0,0,2
1680235200,46.38,46.38,0,0,2
1680494400,43.97,43.97,0,0,2
1680580800,22.34,22.34,0,0,1
1680667200,24.67,24.67,0,0,1
1680753600,34.32,34.32,0,0,2
1681099200,12.83,12.83,0,0,1
1681185600,55.12,55.12,0,0,3
1681272000,13.73,13.73,0,0,1
1681358400,44.18,44.18,0,0,2
1681444800,19.16,19.16,0,0,1
1681704000,6.58,6.58,0,0,1
1681790400,63.3,63.3,0,0,3
1681876800,15.68,15.68,0,0,1
1681963200,9.49,9.49,0,0,1
1682049600,4.89,4.89,0,0,1
1682308800,5.15,5.15,0,0,1
1682395200,28.76,28.76,0,0,1
1682481600,28.13,28.13,0,0,1
1682568000,15.89,15.89,0,0,1
1682654400,36.61,36.61,0,0,2
1682913600,43.67,43.67,0,0,2
1683000000,52.62,52.62,0,0,3
1683086400,13.26,13.26,0,0,1
1683172800,25.1,25.1,0,0,1
1683259200,46.71,46.71,0,0,2
1683518400,3.41,3.41,0,0,1
1683604800,24.54,24.54,0,0,1
1683691200,11.96,11.96,0,0,1
1683777600,24.48,24.48,0,0,1
1683864000,19.14,19.14,0,0,1
1684123200,28.17,28.17,0,0,1
1684209600,47.38,47.38,0,0,2
1684296000,22.0,22.0,0,0,1
1684382400,38.1,38.1,0,0,2
1684468800,40.48,40.48,0,0,2
1684728000,18.65,18.65,0,0,1
1684814400,41.56,41.56,0,0,2
1684900800,31.73,31.73,0,0,2
1684987200,56.25,56.25,0,0,3
1685073600,49.87,49.87,0,0,2
1685419200,53.91,53.91,0,0,3
1685505600,40.44,40.44,0,0,2
1685592000,28.58,28.58,0,0,1
1685678400,40.34,40.34,0,0,2
1685937600,44.87,44.87,0,0,2
1686024000,17.97,17.97,0,0,1
1686110400,52.95,52.95,0,0,3
1686196800,15.44,15.44,0,0,1
1686283200,6.97,6.97,0,0,1
1686542400,48.0,48.0,0,0,2
1686628800,2.19,2.19,0,0,1
1686715200,22.45,22.45,0,0,1
1686801600,44.63,44.63,0,0,2
1686888000,5.26,5.26,0,0,1
1687233600,45.89,45.89,0,0,2
1687320000,41.92,41.92,0,0,2
1687406400,31.18,31.18,0,0,2
1687492800,20.78,20.78,0,0,1
1687752000,44.79,44.79,0,0,2
1687838400,27.27,27.27,0,0,1
1687924800,47.52,47.52,0,0,2
1688011200,28.3,28.3,0,0,1
1688097600,20.85,20.85,0,0,1
1688356800,12.75,12.75,0,0,1
1688529600,35.74,35.74,0,0,2
1688616000,49.32,49.32,0,0,2
1688702400,34.1,34.1,0,0,2
1688961600,51.41,51.41,0,0,3
1689048000,25.23,25.23,0,0,1
1689134400,51.71,51.71,0,0,3
1689220800,41.33,41.33,0,0,2
1689307200,11.78,11.78,0,0,1
1689566400,5.18,5.18,0,0,1
1689652800,42.83,42.83,0,0,2
1689739200,45.97,45.97,0,0,2
1689825600,39.24,39.24,0,0,2
1689912000,6.42,6.42,0,0,1
1690171200,13.12,13.12,0,0,1
1690257600,30.84,30.84,0,0,2
1690344000,3.24,3.24,0,0,1
1690430400,41.3,41.3,0,0,2
1690516800,49.75,49.75,0,0,2
1690776000,16.35,16.35,0,0,1
1690862400,37.53,37.53,0,0,2
1690948800,44.34,44.34,0,0,2
1691035200,34.05,34.05,0,0,2
1691121600,41.66,41.66,0,0,2
1691380800,40.18,40.18,0,0,2
1691467200,26.13,26.13,0,0,1
1691553600,40.03,40.03,0,0,2
1691640000,37.42,37.42,0,0,2
1691726400,32.48,32.48,0,0,2
1691985600,42.73,42.73,0,0,2
1692072000,32.22,32.22,0,0,2
1692158400,18.76,18.76,0,0,1
1692244800,41.7,41.7,0,0,2
1692331200,33.65,33.65,0,0,2
1692590400,27.28,27.28,0,0,1
1692676800,20.02,20.02,0,0,1
1692763200,47.76,47.76,0,0,2
1692849600,46.64,46.64,0,0,2
1692936000,16.89,16.89,0,0,1
1693195200,31.23,31.23,0,0,2
1693281600,13.65,13.65,0,0,1
1693368000,26.4,26.4,0,0,1
1693454400,8.44,8.44,0,0,1
1693540800,46.41,46.41,0,0,2
1693886400,41.57,41.57,0,0,2
1693972800,31.96,31.96,0,0,2
1694059200,42.83,42.83,0,0,2
1694145600,35.68,35.68,0,0,2
1694404800,14.63,14.63,0,0,1
1694491200,3.79,3.79,0,0,1
1694577600,33.96,33.96,0,0,2
1694664000,23.16,23.16,0,0,1
1694750400,47.56,47.56,0,0,2
1695009600,18.28,18.28,0,0,1
1695096000,6.18,6.18,0,0,1
1695182400,24.85,24.85,0,0,1
1695268800,69.49,69.49,0,0,3
1695355200,42.11,42.11,0,0,2
1695614400,67.73,67.73,0,0,3
1695700800,24.78,24.78,0,0,1
1695787200,35.4,35.4,0,0,2
1695873600,67.88,67.88,0,0,3
1695960000,58.55,58.55,0,0,3
1696219200,47.81,47.81,0,0,2
1696305600,52.0,52.0,0,0,3
1696392000,65.51,65.51,0,0,3
1696478400,52.33,52.33,0,0,3
1696564800,58.26,58.26,0,0,3
1696824000,79.47,79.47,0,0,4
1696910400,62.41,62.41,0,0,3
1696996800,60.46,60.46,0,0,3
1697083200,30.34,30.34,0,0,2
1697169600,74.1,74.1,0,0,4
1697428800,44.97,44.97,0,0,2
1697515200,23.63,23.63,0,0,1
1697601600,60.25,60.25,0,0,3
1697688000,55.6,55.6,0,0,3
1697774400,56.45,56.45,0,0,3
1698033600,63.1,63.1,0,0,3
1698120000,54.61,54.61,0,0,3
1698206400,32.54,32.54,0,0,2
1698292800,64.94,64.94,0,0,3
1698379200,20.37,20.37,0,0,1
1698638400,48.25,48.25,0,0,2
1698724800,44.51,44.51,0,0,2
1698811200,58.29,58.29,0,0,3
1698897600,68.01,68.01,0,0,3
1698984000,65.78,65.78,0,0,3
1699246800,35.53,35.53,0,0,2
1699333200,60.2,60.2,0,0,3
1699419600,16.51,16.51,0,0,1
1699506000,38.82,38.82,0,0,2
1699592400,43.55,43.55,0,0,2
1699851600,32.24,32.24,0,0,2
1699938000,67.64,67.64,0,0,3
1700024400,10.04,10.04,0,0,1
1700110800,53.8,53.8,0,0,3
1700197200,49.52,49.52,0,0,2
1700456400,40.65,40.65,0,0,2
1700542800,48.36,48.36,0,0,2
1700629200,22.73,22.73,0,0,1
1700802000,44.12,44.12,0,0,2
1701061200,21.46,21.46,0,0,1
1701147600,12.24,12.24,0,0,1
1701234000,30.98,30.98,0,0,2
1701320400,56.63,56.63,0,0,3
1701406800,39.76,39.76,0,0,2
1701666000,57.09,57.09,0,0,3
1701752400,19.53,19.53,0,0,1
1701838800,41.67,41.67,0,0,2
1701925200,35.79,35.79,0,0,2
1702011600,43.58,43.58,0,0,2
1702270800,33.53,33.53,0,0,2
1702357200,27.29,27.29,0,0,1
1702443600,63.95,63.95,0,0,3
1702530000,59.08,59.08,0,0,3
1702616400,26.34,26.34,0,0,1
1702875600,30.64,30.64,0,0,2
1702962000,17.17,17.17,0,0,1
1703048400,37.98,37.98,0,0,2
1703134800,38.9,38.9,0,0,2
1703221200,35.33,35.33,0,0,2
1703566800,34.38,34.38,0,0,2
1703653200,19.32,19.32,0,0,1
1703739600,19.55,19.55,0,0,1
1703826000,38.52,38.52,0,0,2
1704171600,57.65,57.65,0,0,3
1704258000,65.27,65.27,0,0,3
1704344400,19.01,19.01,0,0,1
1704430800,20.2,20.2,0,0,1
1704690000,48.35,48.35,0,0,2
1704776400,49.71,49.71,0,0,2
1704862800,60.89,60.89,0,0,3
1704949200,24.72,24.72,0,0,1
1705035600,46.02,46.02,0,0,2
1705381200,52.72,52.72,0,0,3
1705467600,50.36,50.36,0,0,3
1705554000,35.74,35.74,0,0,2
1705640400,38.08,38.08,0,0,2
1705899600,44.48,44.48,0,0,2
1705986000,3.13,3.13,0,0,1
1706072400,46.4,46.4,0,0,2
1706158800,28.73,28.73,0,0,1
1706245200,9.16,9.16,0,0,1
1706504400,34.42,34.42,0,0,2
1706590800,29.97,29.97,0,0,1
1706677200,64.17,64.17,0,0,3
1706763600,34.29,34.29,0,0,2
1706850000,66.52,66.52,0,0,3
1707109200,8.32,8.32,0,0,1
1707195600,14.52,14.52,0,0,1
1707282000,16.57,16.57,0,0,1
1707368400,43.64,43.64,0,0,2
1707454800,8.64,8.64,0,0,1
1707714000,19.7,19.7,0,0,1
1707800400,57.08,57.08,0,0,3
1707886800,22.53,22.53,0,0,1
1707973200,24.16,24.16,0,0,1
1708059600,39.34,39.34,0,0,2
1708405200,45.86,45.86,0,0,2
1708491600,54.05,54.05,0,0,3
1708578000,48.34,48.34,0,0,2
1708664400,36.5,36.5,0,0,2
1708923600,14.24,14.24,0,0,1
1709010000,36.54,36.54,0,0,2
1709096400,44.09,44.09,0,0,2
1709182800,17.03,17.03,0,0,1
1709269200,48.02,48.02,0,0,2
1709528400,53.21,53.21,0,0,3
1709614800,46.65,46.65,0,0,2
1709701200,5.57,5.57,0,0,1
1709787600,40.99,40.99,0,0,2
1709874000,38.18,38.18,0,0,2
1710129600,34.71,34.71,0,0,2
1710216000,34.33,34.33,0,0,2
1710302400,6.5,6.5,0,0,1
1710388800,15.5,15.5,0,0,1
1710475200,15.17,15.17,0,0,1
1710734400,8.89,8.89,0,0,1
1710820800,25.51,25.51,0,0,1
1710907200,34.44,34.44,0,0,2
1710993600,34.58,34.58,0,0,2
1711080000,36.16,36.16,0,0,2
1711339200,42.6,42.6,0,0,2
1711425600,23.57,23.57,0,0,1
1711512000,45.1,45.1,0,0,2
1711598400,41.7,41.7,0,0,2
1711944000,64.52,64.52,0,0,3
1712030400,45.49,45.49,0,0,2
1712116800,7.56,7.56,0,0,1
1712203200,50.28,50.28,0,0,3
1712289600,55.79,55.79,0,0,3
1712548800,38.99,38.99,0,0,2
1712635200,5.83,5.83,0,0,1
1712721600,70.31,70.31,0,0,4
1712808000,64.5,64.5,0,0,3
1712894400,59.08,59.08,0,0,3
1713153600,69.89,69.89,0,0,3
1713240000,17.68,17.68,0,0,1
1713326400,57.44,57.44,0,0,3
1713412800,27.45,27.45,0,0,1
1713499200,53.03,53.03,0,0,3
1713758400,62.34,62.34,0,0,3
1713844800,46.6,46.6,0,0,2
1713931200,15.87,15.87,0,0,1
1714017600,3.91,3.91,0,0,1
1714104000,44.0,44.0,0,0,2
1714363200,8.19,8.19,0,0,1
1714449600,56.75,56.75,0,0,3
1714536000,61.98,61.98,0,0,3
1714622400,57.28,57.28,0,0,3
1714708800,28.18,28.18,0,0,1
1714968000,36.97,36.97,0,0,2
1715054400,58.89,58.89,0,0,3
1715140800,15.06,15.06,0,0,1
1715227200,50.76,50.76,0,0,3
1715313600,12.41,12.41,0,0,1
1715572800,14.1,14.1,0,0,1
1715659200,7.68,7.68,0,0,1
1715745600,44.17,44.17,0,0,2
1715832000,14.37,14.37,0,0,1
1715918400,30.07,30.07,0,0,2
1716177600,22.61,22.61,0,0,1
1716264000,18.87,18.87,0,0,1
1716350400,41.48,41.48,0,0,2
1716436800,44.76,44.76,0,0,2
1716523200,16.09,16.09,0,0,1
1716868800,47.44,47.44,0,0,2
1716955200,50.96,50.96,0,0,3
1717041600,58.54,58.54,0,0,3
1717128000,43.38,43.38,0,0,2
1717387200,39.93,39.93,0,0,2
1717473600,37.2,37.2,0,0,2
1717560000,49.07,49.07,0,0,2
1717646400,27.79,27.79,0,0,1
1717732800,62.88,62.88,0,0,3
1717992000,32.36,32.36,0,0,2
1718078400,48.47,48.47,0,0,2
1718164800,42.67,42.67,0,0,2
1718251200,41.98,41.98,0,0,2
1718337600,40.61,40.61,0,0,2
1718596800,54.97,54.97,0,0,3
1718683200,3.15,3.15,0,0,1
1718856000,32.5,32.5,0,0,2
1718942400,21.43,21.43,0,0,1
1719201600,36.3,36.3,0,0,2
1719288000,48.09,48.09,0,0,2
1719374400,2.54,2.54,0,0,1
1719460800,2.21,2.21,0,0,1
1719547200,55.8,55.8,0,0,3
1719806400,47.55,47.55,0,0,2
1719892800,23.46,23.46,0,0,1
1719979200,31.68,31.68,0,0,2
1720152000,6.89,6.89,0,0,1
1720411200,15.47,15.47,0,0,1
1720497600,43.46,43.46,0,0,2
1720584000,29.92,29.92,0,0,1
1720670400,65.73,65.73,0,0,3
1720756800,3.93,3.93,0,0,1
1721016000,61.19,61.19,0,0,3
1721102400,47.19,47.19,0,0,2
1721188800,60.77,60.77,0,0,3
1721275200,12.58,12.58,0,0,1
1721361600,28.37,28.37,0,0,1
1721620800,63.22,63.22,0,0,3
1721707200,40.2,40.2,0,0,2
1721793600,64.55,64.55,0,0,3
1721880000,44.9,44.9,0,0,2
1721966400,29.59,29.59,0,0,1
1722225600,12.41,12.41,0,0,1
1722312000,10.14,10.14,0,0,1
1722398400,69.27,69.27,0,0,3
1722484800,65.75,65.75,0,0,3
1722571200,80.48,80.48,0,0,4
1722830400,95.1,95.1,0,0,4
1722916800,72.67,72.67,0,0,4
1723003200,70.11,70.11,0,0,4
1723089600,55.44,55.44,0,0,3
1723176000,24.93,24.93,0,0,1
1723435200,40.49,40.49,0,0,2
1723521600,59.1,59.1,0,0,3
1723608000,47.9,47.9,0,0,2
1723694400,63.22,63.22,0,0,3
1723780800,64.99,64.99,0,0,3
1724040000,17.53,17.53,0,0,1
1724126400,30.09,30.09,0,0,2
1724212800,3.72,3.72,0,0,1
1724299200,49.79,49.79,0,0,2
1724385600,60.78,60.78,0,0,3
1724644800,17.94,17.94,0,0,1
1724731200,35.52,35.52,0,0,2
1724817600,16.55,16.55,0,0,1
1724904000,5.04,5.04,0,0,1
1724990400,41.19,41.19,0,0,2
1725336000,51.81,51.81,0,0,3
1725422400,56.43,56.43,0,0,3
1725508800,55.81,55.81,0,0,3
1725595200,22.88,22.88,0,0,1
1725854400,6.23,6.23,0,0,1
1725940800,42.05,42.05,0,0,2
1726027200,33.05,33.05,0,0,2
1726113600,39.51,39.51,0,0,2
1726200000,6.64,6.64,0,0,1
1726459200,24.02,24.02,0,0,1
1726545600,7.11,7.11,0,0,1
1726632000,66.63,66.63,0,0,3
1726718400,71.69,71.69,0,0,4
1726804800,49.12,49.12,0,0,2
1727064000,40.47,40.47,0,0,2
1727150400,49.46,49.46,0,0,2
1727236800,48.89,48.89,0,0,2
1727323200,66.88,66.88,0,0,3
1727409600,40.55,40.55,0,0,2
1727668800,58.55,58.55,0,0,3
1727755200,59.03,59.03,0,0,3
1727841600,31.48,31.48,0,0,2
1727928000,54.02,54.02,0,0,3
1728014400,66.07,66.07,0,0,3
1728273600,40.23,40.23,0,0,2
1728360000,63.79,63.79,0,0,3
1728446400,3.8,3.8,0,0,1
1728532800,31.96,31.96,0,0,2
1728619200,8.61,8.61,0,0,1
1728878400,13.68,13.68,0,0,1
1728964800,59.95,59.95,0,0,3
1729051200,34.86,34.86,0,0,2
1729137600,32.33,32.33,0,0,2
1729224000,35.84,35.84,0,0,2
1729483200,54.84,54.84,0,0,3
1729569600,60.89,60.89,0,0,3
1729656000,64.8,64.8,0,0,3
1729742400,38.23,38.23,0,0,2
1729828800,30.56,30.56,0,0,2
1730088000,60.49,60.49,0,0,3
1730174400,58.22,58.22,0,0,3
1730260800,43.73,43.73,0,0,2
1730347200,53.85,53.85,0,0,3
1730433600,22.95,22.95,0,0,1
1730696400,55.09,55.09,0,0,3
1730782800,63.83,63.83,0,0,3
1730869200,69.66,69.66,0,0,3
1730955600,64.78,64.78,0,0,3
1731042000,68.77,68.77,0,0,3
1731301200,46.68,46.68,0,0,2
1731387600,44.68,44.68,0,0,2
1731474000,59.02,59.02,0,0,3
1731560400,16.41,16.41,0,0,1
1731646800,53.15,53.15,0,0,3
1731906000,25.89,25.89,0,0,1
1731992400,11.53,11.53,0,0,1
1732078800,7.34,7.34,0,0,1
1732165200,13.69,13.69,0,0,1
1732251600,16.03,16.03,0,0,1
1732510800,64.73,64.73,0,0,3
1732597200,34.27,34.27,0,0,2
1732683600,15.59,15.59,0,0,1
1732856400,38.94,38.94,0,0,2
1733115600,42.73,42.73,0,0,2
1733202000,28.52,28.52,0,0,1
1733288400,13.16,13.16,0,0,1
1733374800,25.63,25.63,0,0,1
1733461200,16.17,16.17,0,0,1
1733720400,35.88,35.88,0,0,2
1733806800,56.75,56.75,0,0,3
1733893200,18.8,18.8,0,0,1
1733979600,7.71,7.71,0,0,1
1734066000,23.66,23.66,0,0,1
1734325200,13.72,13.72,0,0,1
1734411600,62.1,62.1,0,0,3
1734498000,71.33,71.33,0,0,4
1734584400,54.67,54.67,0,0,3
1734670800,66.02,66.02,0,0,3
1734930000,48.59,48.59,0,0,2
1735016400,9.84,9.84,0,0,1
1735189200,43.19,43.19,0,0,2
1735275600,41.18,41.18,0,0,2
1735534800,42.79,42.79,0,0,2
1735621200,9.92,9.92,0,0,1
1735794000,59.44,59.44,0,0,3
1735880400,27.97,27.97,0,0,1
1736139600,40.49,40.49,0,0,2
1736226000,5.02,5.02,0,0,1
1736312400,45.32,45.32,0,0,2
1736485200,76.11,76.11,0,0,4
1736744400,40.02,40.02,0,0,2
1736830800,10.36,10.36,0,0,1
1736917200,64.25,64.25,0,0,3
1737003600,51.94,51.94,0,0,3
1737090000,16.65,16.65,0,0,1
1737435600,60.1,60.1,0,0,3
1737522000,42.45,42.45,0,0,2
1737608400,32.45,32.45,0,0,2
1737694800,4.58,4.58,0,0,1
1737954000,63.0,63.0,0,0,3
1738040400,29.73,29.73,0,0,1
1738126800,23.21,23.21,0,0,1
1738213200,12.36,12.36,0,0,1
1738299600,14.89,14.89,0,0,1
1738558800,44.66,44.66,0,0,2
1738645200,23.24,23.24,0,0,1
1738731600,2.2,2.2,0,0,1
1738818000,54.58,54.58,0,0,3
1738904400,4.65,4.65,0,0,1
1739163600,40.39,40.39,0,0,2
1739250000,39.32,39.32,0,0,2
1739336400,50.7,50.7,0,0,3
1739422800,29.88,29.88,0,0,1
1739509200,36.77,36.77,0,0,2
1739854800,46.5,46.5,0,0,2
1739941200,13.62,13.62,0,0,1
1740027600,37.9,37.9,0,0,2
1740114000,58.07,58.07,0,0,3
1740373200,17.55,17.55,0,0,1
1740459600,46.43,46.43,0,0,2
1740546000,14.06,14.06,0,0,1
1740632400,55.88,55.88,0,0,3
1740718800,64.11,64.11,0,0,3
1740978000,62.71,62.71,0,0,3
1741064400,59.03,59.03,0,0,3
1741150800,60.17,60.17,0,0,3
1741237200,53.04,53.04,0,0,3
1741323600,43.87,43.87,0,0,2
1741579200,55.56,55.56,0,0,3
1741665600,60.83,60.83,0,0,3
1741752000,16.66,16.66,0,0,1
1741838400,67.57,67.57,0,0,3
1741924800,39.52,39.52,0,0,2
1742184000,17.6,17.6,0,0,1
1742270400,8.28,8.28,0,0,1
1742356800,60.54,60.54,0,0,3
1742443200,11.23,11.23,0,0,1
1742529600,40.54,40.54,0,0,2
1742788800,48.96,48.96,0,0,2
1742875200,11.11,11.11,0,0,1
1742961600,49.49,49.49,0,0,2
1743048000,27.94,27.94,0,0,1
1743134400,39.2,39.2,0,0,2
1743393600,51.91,51.91,0,0,3
1743480000,19.21,19.21,0,0,1
1743566400,64.12,64.12,0,0,3
1743652800,80.7,80.7,0,0,4
1743739200,90.77,90.77,0,0,4
1743998400,92.38,92.38,0,0,4
1744084800,84.23,84.23,0,0,4
1744171200,86.44,86.44,0,0,4
1744257600,78.63,78.63,0,0,4
1744344000,76.29,76.29,0,0,4
1744603200,57.72,57.72,0,0,3
1744689600,43.77,43.77,0,0,2
1744776000,45.13,45.13,0,0,2
1744862400,50.66,50.66,0,0,3
1745208000,41.4,41.4,0,0,2
1745294400,47.15,47.15,0,0,2
1745380800,45.43,45.43,0,0,2
1745467200,40.65,40.65,0,0,2
1745553600,28.29,28.29,0,0,1
1745812800,8.52,8.52,0,0,1
1745899200,12.81,12.81,0,0,1
1745985600,56.88,56.88,0,0,3
1746072000,27.97,27.97,0,0,1
1746158400,32.31,32.31,0,0,2
1746417600,63.79,63.79,0,0,3
1746504000,74.5,74.5,0,0,4
1746590400,8.18,8.18,0,0,1
1746676800,33.31,33.31,0,0,2
1746763200,1.32,1.32,0,0,1
1747022400,76.49,76.49,0,0,4
1747108800,42.29,42.29,0,0,2
1747195200,63.42,63.42,0,0,3
1747281600,31.75,31.75,0,0,2
1747368000,3.64,3.64,0,0,1
1747627200,2.57,2.57,0,0,1
1747713600,2.67,2.67,0,0,1
1747800000,16.53,16.53,0,0,1
1747886400,14.76,14.76,0,0,1
1747972800,20.66,20.66,0,0,1
1748318400,30.73,30.73,0,0,2
1748404800,26.19,26.19,0,0,1
1748491200,0.56,0.56,0,0,1
1748577600,7.6,7.6,0,0,1
1748836800,36.1,36.1,0,0,2
1748923200,6.59,6.59,0,0,1
1749009600,19.83,19.83,0,0,1
1749096000,14.07,14.07,0,0,1
1749182400,19.08,19.08,0,0,1
1749441600,42.97,42.97,0,0,2
1749528000,21.07,21.07,0,0,1
1749614400,39.25,39.25,0,0,2
1749700800,27.37,27.37,0,0,1
1749787200,66.58,66.58,0,0,3
1751428800,15.12,15.12,0,0,1
1751515200,11.79,11.79,0,0,1
1751860800,27.49,27.49,0,0,1
1751947200,43.42,43.42,0,0,2
1752033600,8.45,8.45,0,0,1
1752120000,35.7,35.7,0,0,2
1752206400,14.86,14.86,0,0,1
1752465600,13.64,13.64,0,0,1
1752552000,19.35,19.35,0,0,1
1752638400,39.62,39.62,0,0,2
1752724800,4.64,4.64,0,0,1
1752811200,9.68,9.68,0,0,1
1753070400,2.89,2.89,0,0,1
1753156800,10.72,10.72,0,0,1
1753243200,52.39,52.39,0,0,3
1753329600,9.74,9.74,0,0,1
1753416000,1.76,1.76,0,0,1
1753675200,32.77,32.77,0,0,2
1753761600,50.04,50.04,0,0,3
1753848000,27.21,27.21,0,0,1
1753934400,48.14,48.14,0,0,2
1754020800,58.04,58.04,0,0,3
1754280000,32.4,32.4,0,0,2
1754366400,11.3,11.3,0,0,1
1754452800,14.71,14.71,0,0,1
1754539200,21.61,21.61,0,0,1
1754625600,9.12,9.12,0,0,1
1754884800,6.4,6.4,0,0,1
1754971200,7.53,7.53,0,0,1
1755057600,2.23,2.23,0,0,1
1755144000,1.24,1.24,0,0,1
1755230400,11.37,11.37,0,0,1
1755489600,29.9,29.9,0,0,1
1755576000,32.78,32.78,0,0,2
1755662400,11.18,11.18,0,0,1
1755748800,41.74,41.74,0,0,2
1755835200,54.44,54.44,0,0,3
1756094400,8.42,8.42,0,0,1
1756180800,46.13,46.13,0,0,2
1756267200,22.05,22.05,0,0,1
1756353600,52.28,52.28,0,0,3
1756440000,41.17,41.17,0,0,2
1756785600,59.48,59.48,0,0,3
1756872000,15.55,15.55,0,0,1
1756958400,34.84,34.84,0,0,2
1757044800,53.73,53.73,0,0,3
1757304000,62.66,62.66,0,0,3
1757390400,7.82,7.82,0,0,1
1757476800,26.22,26.22,0,0,1
1757563200,39.34,39.34,0,0,2
1757649600,17.69,17.69,0,0,1
1757908800,23.41,23.41,0,0,1
1757995200,20.96,20.96,0,0,1
1758081600,13.86,13.86,0,0,1
1758168000,65.05,65.05,0,0,3
1758254400,54.58,54.58,0,0,3
1758513600,37.45,37.45,0,0,2
1758600000,39.17,39.17,0,0,2
1758686400,25.68,25.68,0,0,1
1758772800,7.11,7.11,0,0,1
1758859200,28.33,28.33,0,0,1
1759118400,29.96,29.96,0,0,1
1759204800,12.97,12.97,0,0,1
1759291200,6.84,6.84,0,0,1
1759377600,7.25,7.25,0,0,1
1759464000,3.68,3.68,0,0,1
1759723200,47.68,47.68,0,0,2
1759809600,14.88,14.88,0,0,1
1759896000,36.86,36.86,0,0,2
1759982400,29.01,29.01,0,0,1
1760068800,61.79,61.79,0,0,3
1760328000,46.33,46.33,0,0,2
1760414400,43.18,43.18,0,0,2
1760500800,46.08,46.08,0,0,2
1760587200,53.62,53.62,0,0,3
1760673600,54.36,54.36,0,0,3
1760932800,52.48,52.48,0,0,3
1761019200,68.85,68.85,0,0,3
1761105600,42.82,42.82,0,0,2
1761192000,29.33,29.33,0,0,1
1761278400,2.33,2.33,0,0,1
1761537600,53.77,53.77,0,0,3
1761624000,46.9,46.9,0,0,2
1761710400,54.63,54.63,0,0,3
1761796800,58.05,58.05,0,0,3
1761883200,57.29,57.29,0,0,3
1762146000,43.11,43.11,0,0,2
1762232400,42.35,42.35,0,0,2
1762318800,23.86,23.86,0,0,1
1762405200,37.84,37.84,0,0,2
1762491600,24.51,24.51,0,0,1
1762750800,38.54,38.54,0,0,2
1762837200,7.8,7.8,0,0,1
1762923600,53.31,53.31,0,0,3
1763010000,41.9,41.9,0,0,2
1763096400,18.97,18.97,0,0,1
1763355600,27.49,27.49,0,0,1
1763442000,21.6,21.6,0,0,1
1763528400,31.85,31.85,0,0,2
1763614800,26.98,26.98,0,0,1
1763701200,12.83,12.83,0,0,1
1763960400,58.13,58.13,0,0,3
1764046800,10.16,10.16,0,0,1
1764133200,31.17,31.17,0,0,2
1764306000,35.25,35.25,0,0,2
1764565200,8.11,8.11,0,0,1
1764651600,32.11,32.11,0,0,2
1764738000,5.91,5.91,0,0,1
1764824400,11.73,11.73,0,0,1
1764910800,23.07,23.07,0,0,1
1765170000,27.29,27.29,0,0,1
1765256400,29.55,29.55,0,0,1
1765342800,18.66,18.66,0,0,1
1765429200,5.16,5.16,0,0,1
1765515600,54.86,54.86,0,0,3
1765774800,5.83,5.83,0,0,1
1765861200,26.76,26.76,0,0,1
1765947600,53.64,53.64,0,0,3
1766034000,31.82,31.82,0,0,2
1766120400,31.45,31.45,0,0,2
1766379600,42.88,42.88,0,0,2
1766466000,35.87,35.87,0,0,2
1766552400,0.57,0.57,0,0,1
1766725200,23.38,23.38,0,0,1
1766984400,62.43,62.43,0,0,3
1767070800,29.19,29.19,0,0,1
1767157200,23.86,23.86,0,0,1
1767330000,60.16,60.16,0,0,3
1767589200,45.36,45.36,0,0,2
1767675600,19.79,19.79,0,0,1
1767762000,50.54,50.54,0,0,3
1767848400,28.42,28.42,0,0,1
1767934800,75.12,75.12,0,0,4
1768194000,18.5,18.5,0,0,1
1768280400,37.43,37.43,0,0,2
1768366800,25.35,25.35,0,0,1
1768453200,19.24,19.24,0,0,1
1768539600,40.57,40.57,0,0,2
1768885200,70.99,70.99,0,0,4
1768971600,62.8,62.8,0,0,3
1769058000,51.72,51.72,0,0,3
1769144400,55.96,55.96,0,0,3
1769403600,33.21,33.21,0,0,2
1769490000,52.56,52.56,0,0,3
1769576400,60.73,60.73,0,0,3
1769662800,43.32,43.32,0,0,2
1769749200,81.85,81.85,0,0,4
1770008400,78.05,78.05,0,0,4
1770094800,77.75,77.75,0,0,4
1770181200,26.19,26.19,0,0,1
1770267600,39.64,39.64,0,0,2
1770354000,42.5,42.5,0,0,2
1770613200,10.0,10.0,0,0,1
1770699600,17.01,17.01,0,0,1
1770786000,23.71,23.71,0,0,1
1770872400,33.93,33.93,0,0,2
1770958800,30.81,30.81,0,0,2
1771304400,72.11,72.11,0,0,4
1771390800,66.71,66.71,0,0,3
1771477200,15.28,15.28,0,0,1
1771563600,6.04,6.04,0,0,1
1771822800,21.94,21.94,0,0,1
1771909200,20.28,20.28,0,0,1
1771995600,4.69,4.69,0,0,1
1772082000,9.59,9.59,0,0,1
1772168400,60.73,60.73,0,0,3
1772427600,88.93,88.93,0,0,4
1772514000,89.03,89.03,0,0,4
1772600400,77.83,77.83,0,0,4
1772686800,76.15,76.15,0,0,4
1772773200,81.72,81.72,0,0,4
1773028800,56.09,56.09,0,0,3
1773115200,43.14,43.14,0,0,2
1773201600,45.78,45.78,0,0,2
1773288000,49.82,49.82,0,0,2
1773374400,58.16,58.16,0,0,3
1773633600,33.86,33.86,0,0,2
1773720000,45.5,45.5,0,0,2
1773806400,33.6,33.6,0,0,2
1773892800,61.08,61.08,0,0,3
1773979200,75.06,75.06,0,0,4
1774238400,82.45,82.45,0,0,4
1774324800,48.96,48.96,0,0,2
1774411200,72.5,72.5,0,0,4
1774497600,44.55,44.55,0,0,2
1774584000,49.26,49.26,0,0,2
1774843200,39.08,39.08,0,0,2
1774929600,51.76,51.76,0,0,3
1775016000,35.48,35.48,0,0,2
1775102400,44.9,44.9,0,0,2
1775448000,25.68,25.68,0,0,1
1775534400,10.84,10.84,0,0,1
1775620800,72.59,72.59,0,0,4
1775707200,30.1,30.1,0,0,2
1775793600,36.77,36.77,0,0,2
1776052800,18.42,18.42,0,0,1
1776139200,56.59,56.59,0,0,3
1776225600,17.56,17.56,0,0,1
1776312000,67.49,67.49,0,0,3
1776398400,29.4,29.4,0,0,1
1776643200,14.7,23.3,96.04,29.01,1
1776729600,25.4,34.1,96.52,50.69,1
1776816000,15.4,24.0,96.22,29.21,1
1776902400,36.5,45.2,96.13,68.82,2
